generation,best_penalty,average_penalty
0,117.0,117.0
1,117.0,173.0
2,117.0,146.0
3,117.0,135.0
4,117.0,125.0
5,117.0,125.0
6,117.0,125.0
7,112.0,112.0
8,112.0,112.0
9,111.0,111.0
10,111.0,116.0
11,111.0,111.0
12,111.0,111.0
13,111.0,111.0
14,103.0,103.0
15,103.0,103.0
16,103.0,103.0
17,103.0,103.0
18,103.0,103.0
19,99.0,99.0
20,99.0,99.0
21,99.0,101.0
22,99.0,101.0
23,99.0,101.0
24,99.0,100.0
25,99.0,100.0
26,99.0,100.0
27,99.0,100.0
28,99.0,100.0
29,90.0,90.0
30,90.0,90.0
31,90.0,90.0
32,90.0,90.0
33,90.0,99.0
34,90.0,100.0
35,90.0,96.0
36,90.0,92.0
37,90.0,92.0
38,90.0,92.0
39,90.0,92.0
40,90.0,92.0
41,90.0,92.0
42,88.0,88.0
43,88.0,88.0
44,88.0,88.0
45,86.0,86.0
46,86.0,86.0
47,86.0,87.0
48,86.0,87.0
49,86.0,87.0
50,85.0,85.0
51,85.0,85.0
52,85.0,85.0
53,85.0,85.0
54,85.0,85.0
55,85.0,85.0
56,85.0,85.0
57,85.0,89.0
58,85.0,89.0
59,85.0,89.0
60,85.0,100.0
61,85.0,94.0
62,85.0,88.0
63,85.0,88.0
64,85.0,88.0
65,85.0,88.0
66,85.0,88.0
67,85.0,87.0
68,85.0,87.0
69,85.0,87.0
70,78.0,78.0
71,78.0,78.0
72,78.0,78.0
73,78.0,78.0
74,78.0,78.0
75,77.0,77.0
76,77.0,77.0
77,77.0,77.0
78,77.0,77.0
79,77.0,91.0
80,77.0,91.0
81,77.0,91.0
82,77.0,90.0
83,77.0,90.0
84,77.0,85.0
85,77.0,85.0
86,77.0,85.0
87,77.0,85.0
88,77.0,85.0
89,77.0,85.0
90,77.0,85.0
91,77.0,85.0
92,77.0,85.0
93,77.0,85.0
94,77.0,85.0
95,77.0,85.0
96,77.0,85.0
97,77.0,84.0
98,77.0,84.0
99,77.0,84.0
100,77.0,84.0
101,77.0,84.0
102,77.0,84.0
103,77.0,84.0
104,77.0,84.0
105,77.0,78.0
106,76.0,76.0
107,76.0,76.0
108,72.0,72.0
109,72.0,72.0
110,71.0,71.0
111,71.0,71.0
112,68.0,68.0
113,62.0,62.0
114,62.0,62.0
115,62.0,71.0
116,62.0,71.0
117,62.0,69.0
118,62.0,66.0
119,62.0,66.0
120,62.0,73.0
121,62.0,68.0
122,62.0,68.0
123,62.0,68.0
124,62.0,68.0
125,62.0,69.0
126,62.0,69.0
127,57.0,57.0
128,57.0,57.0
129,56.0,56.0
130,56.0,56.0
131,56.0,56.0
132,56.0,56.0
133,56.0,56.0
134,56.0,56.0
135,56.0,56.0
136,56.0,56.0
137,56.0,56.0
138,56.0,56.0
139,56.0,56.0
140,56.0,56.0
141,56.0,56.0
142,56.0,56.0
143,56.0,56.0
144,56.0,56.0
145,56.0,56.0
146,56.0,56.0
147,56.0,56.0
148,56.0,56.0
149,56.0,56.0
150,56.0,56.0
151,56.0,56.0
152,56.0,56.0
153,56.0,56.0
154,56.0,56.0
155,56.0,56.0
156,56.0,56.0
157,56.0,56.0
158,56.0,56.0
159,56.0,56.0
160,56.0,64.0
161,56.0,63.0
162,56.0,63.0
163,56.0,63.0
164,56.0,63.0
165,56.0,63.0
166,56.0,63.0
167,56.0,63.0
168,56.0,61.0
169,56.0,56.0
170,56.0,56.0
171,56.0,56.0
172,56.0,56.0
173,56.0,56.0
174,56.0,56.0
175,56.0,62.0
176,56.0,62.0
177,50.0,50.0
178,50.0,50.0
179,50.0,50.0
180,50.0,50.0
181,50.0,50.0
182,50.0,61.0
183,50.0,61.0
184,50.0,67.0
185,50.0,65.0
186,50.0,57.0
187,50.0,57.0
188,50.0,57.0
189,50.0,57.0
190,50.0,57.0
191,50.0,71.0
192,50.0,67.0
193,50.0,67.0
194,50.0,67.0
195,50.0,67.0
196,50.0,67.0
197,50.0,67.0
198,50.0,67.0
199,50.0,67.0
200,50.0,71.0
201,50.0,63.0
202,50.0,63.0
203,50.0,64.0
204,50.0,58.0
205,50.0,58.0
206,50.0,58.0
207,50.0,58.0
208,50.0,58.0
209,50.0,57.0
210,50.0,57.0
211,50.0,57.0
212,50.0,57.0
213,50.0,57.0
214,50.0,57.0
215,50.0,57.0
216,50.0,57.0
217,50.0,57.0
218,50.0,57.0
219,50.0,57.0
220,50.0,57.0
221,50.0,57.0
222,50.0,57.0
223,50.0,57.0
224,50.0,57.0
225,50.0,57.0
226,50.0,57.0
227,50.0,57.0
228,50.0,57.0
229,50.0,77.0
230,50.0,89.0
231,50.0,74.0
232,50.0,74.0
233,39.0,39.0
234,39.0,39.0
235,39.0,65.0
236,39.0,39.0
237,39.0,39.0
238,39.0,39.0
239,39.0,39.0
240,33.0,33.0
241,33.0,33.0
242,33.0,33.0
243,33.0,33.0
244,33.0,33.0
245,33.0,33.0
246,33.0,33.0
247,33.0,33.0
248,33.0,33.0
249,33.0,33.0
250,33.0,33.0
251,33.0,33.0
252,33.0,33.0
253,33.0,33.0
254,33.0,33.0
255,33.0,70.0
256,33.0,41.0
257,33.0,39.0
258,33.0,39.0
259,33.0,33.0
260,33.0,33.0
261,33.0,33.0
262,33.0,33.0
263,33.0,33.0
264,33.0,36.0
265,33.0,36.0
266,33.0,36.0
267,33.0,36.0
268,33.0,36.0
269,33.0,36.0
270,33.0,36.0
271,33.0,33.0
272,33.0,33.0
273,33.0,68.0
274,33.0,68.0
275,33.0,68.0
276,33.0,68.0
277,33.0,68.0
278,33.0,38.0
279,33.0,38.0
280,33.0,38.0
281,33.0,41.0
282,33.0,41.0
283,33.0,41.0
284,33.0,41.0
285,33.0,41.0
286,33.0,41.0
287,33.0,41.0
288,33.0,41.0
289,33.0,39.0
290,33.0,39.0
291,33.0,38.0
292,33.0,33.0
293,33.0,33.0
294,33.0,36.0
295,33.0,36.0
296,33.0,36.0
297,33.0,36.0
298,33.0,36.0
299,32.0,32.0
300,32.0,32.0
301,32.0,32.0
302,32.0,32.0
303,32.0,32.0
304,32.0,38.0
305,32.0,38.0
306,32.0,38.0
307,32.0,38.0
308,32.0,37.0
309,32.0,37.0
310,32.0,37.0
311,32.0,36.0
312,31.0,31.0
313,31.0,31.0
314,31.0,31.0
315,31.0,31.0
316,31.0,31.0
317,31.0,36.0
318,31.0,40.0
319,31.0,40.0
320,31.0,40.0
321,31.0,34.0
322,31.0,34.0
323,31.0,34.0
324,31.0,34.0
325,31.0,32.0
326,31.0,32.0
327,31.0,31.0
328,31.0,31.0
329,29.0,29.0
330,28.0,28.0
331,28.0,28.0
332,28.0,28.0
333,28.0,28.0
334,28.0,29.0
335,28.0,29.0
336,28.0,29.0
337,28.0,29.0
338,28.0,29.0
339,28.0,29.0
340,28.0,29.0
341,28.0,29.0
342,28.0,29.0
343,28.0,29.0
344,28.0,29.0
345,28.0,29.0
346,28.0,29.0
347,28.0,29.0
348,28.0,29.0
349,28.0,29.0
350,28.0,29.0
351,28.0,34.0
352,28.0,32.0
353,28.0,30.0
354,28.0,30.0
355,28.0,30.0
356,28.0,30.0
357,28.0,30.0
358,28.0,30.0
359,28.0,87.0
360,28.0,35.0
361,28.0,35.0
362,28.0,35.0
363,28.0,33.0
364,28.0,33.0
365,28.0,33.0
366,28.0,33.0
367,28.0,42.0
368,28.0,35.0
369,28.0,34.0
370,28.0,34.0
371,28.0,32.0
372,28.0,32.0
373,28.0,32.0
374,28.0,34.0
375,28.0,33.0
376,28.0,33.0
377,28.0,46.0
378,28.0,41.0
379,28.0,41.0
380,28.0,40.0
381,28.0,40.0
382,28.0,40.0
383,28.0,36.0
384,28.0,36.0
385,28.0,36.0
386,28.0,36.0
387,28.0,35.0
388,28.0,35.0
389,28.0,35.0
390,28.0,35.0
391,28.0,35.0
392,28.0,35.0
393,28.0,35.0
394,28.0,41.0
395,28.0,37.0
396,28.0,37.0
397,28.0,33.0
398,28.0,33.0
399,28.0,33.0
400,28.0,33.0
401,28.0,33.0
402,28.0,33.0
403,28.0,33.0
404,28.0,33.0
405,28.0,33.0
406,28.0,33.0
407,28.0,33.0
408,28.0,33.0
409,28.0,33.0
410,28.0,33.0
411,28.0,32.0
412,28.0,32.0
413,28.0,32.0
414,28.0,32.0
415,28.0,40.0
416,28.0,40.0
417,28.0,34.0
418,28.0,34.0
419,28.0,31.0
420,28.0,34.0
421,28.0,33.0
422,28.0,33.0
423,28.0,33.0
424,28.0,33.0
425,28.0,33.0
426,28.0,33.0
427,28.0,33.0
428,28.0,39.0
429,28.0,38.0
430,28.0,32.0
431,28.0,32.0
432,28.0,30.0
433,28.0,30.0
434,28.0,30.0
435,28.0,30.0
436,27.0,27.0
437,27.0,27.0
438,27.0,27.0
439,27.0,27.0
440,27.0,27.0
441,27.0,27.0
442,27.0,27.0
443,27.0,27.0
444,27.0,27.0
445,27.0,27.0
446,27.0,27.0
447,27.0,27.0
448,27.0,40.0
449,27.0,32.0
450,27.0,32.0
451,27.0,32.0
452,27.0,32.0
453,27.0,32.0
454,27.0,32.0
455,27.0,32.0
456,27.0,32.0
457,27.0,28.0
458,27.0,28.0
459,27.0,35.0
460,26.0,26.0
461,26.0,26.0
462,26.0,26.0
463,26.0,26.0
464,26.0,26.0
465,25.0,25.0
466,25.0,25.0
467,24.0,24.0
468,24.0,24.0
469,24.0,24.0
470,24.0,24.0
471,24.0,24.0
472,24.0,24.0
473,24.0,29.0
474,24.0,29.0
475,24.0,29.0
476,24.0,28.0
477,24.0,28.0
478,24.0,32.0
479,24.0,29.0
480,24.0,29.0
481,24.0,29.0
482,24.0,29.0
483,24.0,29.0
484,24.0,29.0
485,24.0,28.0
486,24.0,28.0
487,24.0,28.0
488,24.0,28.0
489,24.0,25.0
490,24.0,29.0
491,24.0,25.0
492,24.0,25.0
493,24.0,24.0
494,24.0,24.0
495,24.0,24.0
496,24.0,24.0
497,24.0,24.0
498,24.0,24.0
499,24.0,27.0
500,24.0,27.0
501,24.0,27.0
502,24.0,27.0
503,24.0,27.0
504,24.0,27.0
505,24.0,27.0
506,24.0,27.0
507,24.0,27.0
508,24.0,27.0
509,24.0,27.0
510,24.0,27.0
511,24.0,26.0
512,24.0,26.0
513,24.0,26.0
514,24.0,26.0
515,24.0,26.0
516,24.0,29.0
517,24.0,29.0
518,24.0,29.0
519,24.0,29.0
520,24.0,29.0
521,24.0,29.0
522,24.0,29.0
523,24.0,29.0
524,24.0,29.0
525,24.0,29.0
526,24.0,29.0
527,24.0,29.0
528,24.0,29.0
529,24.0,29.0
530,24.0,29.0
531,24.0,29.0
532,24.0,34.0
533,24.0,34.0
534,24.0,33.0
535,24.0,30.0
536,24.0,30.0
537,24.0,30.0
538,24.0,30.0
539,24.0,30.0
540,24.0,30.0
541,24.0,30.0
542,24.0,30.0
543,24.0,30.0
544,24.0,30.0
545,24.0,30.0
546,24.0,30.0
547,24.0,30.0
548,24.0,30.0
549,24.0,30.0
550,24.0,30.0
551,24.0,30.0
552,24.0,30.0
553,24.0,30.0
554,24.0,30.0
555,24.0,30.0
556,24.0,30.0
557,24.0,30.0
558,24.0,33.0
559,24.0,33.0
560,24.0,33.0
561,24.0,33.0
562,24.0,33.0
563,24.0,33.0
564,24.0,32.0
565,24.0,32.0
566,24.0,26.0
567,24.0,26.0
568,24.0,26.0
569,24.0,26.0
570,24.0,26.0
571,24.0,26.0
572,24.0,34.0
573,24.0,39.0
574,24.0,39.0
575,24.0,39.0
576,24.0,39.0
577,24.0,38.0
578,24.0,38.0
579,24.0,38.0
580,24.0,38.0
581,24.0,36.0
582,24.0,35.0
583,24.0,35.0
584,24.0,35.0
585,24.0,34.0
586,24.0,34.0
587,24.0,34.0
588,24.0,35.0
589,24.0,35.0
590,24.0,35.0
591,24.0,35.0
592,24.0,35.0
593,24.0,34.0
594,24.0,34.0
595,24.0,34.0
596,24.0,34.0
597,24.0,34.0
598,24.0,34.0
599,24.0,34.0
600,24.0,34.0
601,24.0,34.0
602,24.0,34.0
603,24.0,34.0
604,24.0,34.0
605,24.0,34.0
606,24.0,34.0
607,24.0,34.0
608,24.0,34.0
609,24.0,34.0
610,24.0,34.0
611,24.0,34.0
612,24.0,34.0
613,24.0,34.0
614,24.0,51.0
615,24.0,50.0
616,24.0,50.0
617,24.0,50.0
618,24.0,50.0
619,24.0,43.0
620,24.0,43.0
621,24.0,39.0
622,24.0,39.0
623,24.0,39.0
624,24.0,39.0
625,24.0,39.0
626,24.0,62.0
627,24.0,50.0
628,24.0,50.0
629,24.0,50.0
630,24.0,50.0
631,24.0,50.0
632,24.0,50.0
633,24.0,47.0
634,24.0,47.0
635,24.0,46.0
636,24.0,42.0
637,24.0,42.0
638,24.0,42.0
639,24.0,54.0
640,24.0,54.0
641,24.0,52.0
642,24.0,42.0
643,24.0,42.0
644,24.0,41.0
645,24.0,41.0
646,24.0,38.0
647,24.0,38.0
648,24.0,38.0
649,24.0,38.0
650,24.0,38.0
651,24.0,38.0
652,24.0,38.0
653,24.0,37.0
654,24.0,37.0
655,24.0,37.0
656,24.0,37.0
657,24.0,37.0
658,24.0,37.0
659,24.0,37.0
660,24.0,37.0
661,24.0,37.0
662,24.0,37.0
663,24.0,37.0
664,24.0,37.0
665,24.0,37.0
666,24.0,52.0
667,24.0,46.0
668,24.0,55.0
669,24.0,46.0
670,24.0,46.0
671,24.0,46.0
672,24.0,46.0
673,24.0,45.0
674,24.0,45.0
675,24.0,37.0
676,24.0,37.0
677,24.0,37.0
678,24.0,37.0
679,24.0,37.0
680,24.0,37.0
681,24.0,65.0
682,24.0,65.0
683,24.0,70.0
684,24.0,51.0
685,24.0,50.0
686,24.0,50.0
687,24.0,50.0
688,24.0,50.0
689,24.0,50.0
690,24.0,46.0
691,24.0,46.0
692,24.0,62.0
693,24.0,47.0
694,24.0,64.0
695,24.0,59.0
696,24.0,46.0
697,24.0,46.0
698,24.0,46.0
699,24.0,46.0
700,24.0,46.0
701,24.0,46.0
702,24.0,46.0
703,24.0,46.0
704,24.0,46.0
705,24.0,46.0
706,24.0,42.0
707,24.0,42.0
708,24.0,40.0
709,24.0,46.0
710,24.0,46.0
711,24.0,46.0
712,24.0,38.0
713,24.0,38.0
714,24.0,38.0
715,24.0,38.0
716,24.0,38.0
717,24.0,47.0
718,24.0,47.0
719,24.0,47.0
720,24.0,47.0
721,24.0,47.0
722,24.0,57.0
723,24.0,54.0
724,24.0,54.0
725,24.0,54.0
726,24.0,54.0
727,24.0,54.0
728,24.0,52.0
729,24.0,48.0
730,24.0,48.0
731,24.0,48.0
732,24.0,48.0
733,24.0,48.0
734,24.0,48.0
735,24.0,48.0
736,24.0,48.0
737,24.0,48.0
738,24.0,54.0
739,24.0,54.0
740,24.0,54.0
741,24.0,54.0
742,24.0,54.0
743,24.0,54.0
744,24.0,54.0
745,24.0,54.0
746,24.0,54.0
747,24.0,54.0
748,24.0,54.0
749,24.0,53.0
750,24.0,53.0
751,24.0,53.0
752,24.0,53.0
753,24.0,53.0
754,24.0,51.0
755,24.0,51.0
756,24.0,51.0
757,24.0,51.0
758,24.0,51.0
759,24.0,51.0
760,24.0,51.0
761,24.0,51.0
762,24.0,51.0
763,24.0,51.0
764,24.0,51.0
765,24.0,51.0
766,24.0,51.0
767,24.0,51.0
768,24.0,51.0
769,24.0,61.0
770,24.0,61.0
771,24.0,65.0
772,24.0,59.0
773,24.0,59.0
774,24.0,55.0
775,24.0,52.0
776,24.0,52.0
777,24.0,50.0
778,24.0,65.0
779,24.0,65.0
780,24.0,54.0
781,24.0,54.0
782,24.0,54.0
783,24.0,52.0
784,24.0,52.0
785,24.0,52.0
786,24.0,60.0
787,24.0,56.0
788,24.0,56.0
789,24.0,56.0
790,24.0,56.0
791,24.0,56.0
792,24.0,55.0
793,24.0,55.0
794,24.0,55.0
795,24.0,55.0
796,24.0,55.0
797,24.0,55.0
798,24.0,47.0
799,24.0,47.0
800,24.0,47.0
801,24.0,47.0
802,24.0,47.0
803,24.0,47.0
804,24.0,50.0
805,24.0,50.0
806,24.0,57.0
807,24.0,53.0
808,24.0,53.0
809,24.0,51.0
810,24.0,39.0
811,24.0,39.0
812,24.0,39.0
813,24.0,39.0
814,24.0,39.0
815,24.0,39.0
816,24.0,39.0
817,24.0,39.0
818,24.0,39.0
819,24.0,39.0
820,24.0,39.0
821,24.0,39.0
822,24.0,39.0
823,24.0,39.0
824,24.0,39.0
825,24.0,39.0
826,24.0,39.0
827,24.0,72.0
828,24.0,52.0
829,24.0,52.0
830,24.0,51.0
831,24.0,66.0
832,24.0,55.0
833,24.0,54.0
834,24.0,51.0
835,24.0,51.0
836,24.0,49.0
837,24.0,54.0
838,24.0,52.0
839,24.0,50.0
840,24.0,59.0
841,24.0,59.0
842,24.0,59.0
843,24.0,57.0
844,24.0,57.0
845,24.0,54.0
846,24.0,50.0
847,24.0,49.0
848,24.0,49.0
849,24.0,52.0
850,24.0,52.0
851,24.0,45.0
852,24.0,58.0
853,24.0,50.0
854,24.0,46.0
855,24.0,46.0
856,24.0,70.0
857,24.0,63.0
858,24.0,61.0
859,24.0,54.0
860,24.0,52.0
861,24.0,50.0
862,24.0,38.0
863,24.0,38.0
864,24.0,38.0
865,24.0,38.0
866,24.0,54.0
867,24.0,54.0
868,24.0,53.0
869,24.0,53.0
870,24.0,75.0
871,24.0,63.0
872,24.0,63.0
873,24.0,63.0
874,24.0,63.0
875,24.0,63.0
876,24.0,63.0
877,24.0,56.0
878,24.0,56.0
879,24.0,56.0
880,24.0,55.0
881,24.0,55.0
882,24.0,54.0
883,24.0,51.0
884,24.0,51.0
885,24.0,51.0
886,24.0,51.0
887,24.0,50.0
888,24.0,60.0
889,24.0,61.0
890,24.0,61.0
891,24.0,55.0
892,24.0,48.0
893,24.0,48.0
894,24.0,48.0
895,24.0,48.0
896,24.0,48.0
897,24.0,48.0
898,24.0,48.0
899,24.0,48.0
900,24.0,48.0
901,24.0,48.0
902,24.0,48.0
903,24.0,48.0
904,24.0,48.0
905,24.0,48.0
906,24.0,48.0
907,24.0,48.0
908,24.0,48.0
909,24.0,48.0
910,24.0,48.0
911,24.0,48.0
912,24.0,48.0
913,24.0,60.0
914,24.0,73.0
915,24.0,66.0
916,24.0,66.0
917,24.0,66.0
918,24.0,66.0
919,24.0,64.0
920,24.0,61.0
921,24.0,57.0
922,24.0,57.0
923,24.0,54.0
924,24.0,54.0
925,24.0,54.0
926,24.0,54.0
927,24.0,54.0
928,24.0,54.0
929,24.0,51.0
930,24.0,51.0
931,24.0,52.0
932,24.0,52.0
933,24.0,49.0
934,24.0,49.0
935,24.0,49.0
936,24.0,49.0
937,24.0,49.0
938,24.0,47.0
939,24.0,47.0
940,24.0,47.0
941,24.0,47.0
942,24.0,47.0
943,24.0,47.0
944,24.0,47.0
945,24.0,47.0
946,24.0,47.0
947,24.0,47.0
948,24.0,47.0
949,24.0,42.0
950,24.0,42.0
951,24.0,42.0
952,24.0,42.0
953,24.0,42.0
954,24.0,42.0
955,24.0,42.0
956,24.0,42.0
957,24.0,42.0
958,24.0,42.0
959,24.0,42.0
960,24.0,42.0
961,24.0,42.0
962,24.0,42.0
963,24.0,42.0
964,24.0,42.0
965,24.0,42.0
966,24.0,42.0
967,24.0,42.0
968,24.0,42.0
969,24.0,42.0
970,24.0,42.0
971,24.0,37.0
972,24.0,34.0
973,24.0,34.0
974,24.0,34.0
975,24.0,34.0
976,24.0,34.0
977,24.0,34.0
978,24.0,34.0
979,24.0,34.0
980,24.0,34.0
981,24.0,34.0
982,24.0,34.0
983,24.0,34.0
984,24.0,34.0
985,24.0,34.0
986,24.0,34.0
987,24.0,34.0
988,24.0,34.0
989,24.0,34.0
990,24.0,34.0
991,24.0,34.0
992,24.0,33.0
993,24.0,33.0
994,24.0,46.0
995,24.0,46.0
996,24.0,46.0
997,24.0,41.0
998,24.0,63.0
999,24.0,62.0
1000,24.0,61.0
1001,24.0,61.0
1002,24.0,56.0
1003,24.0,56.0
1004,24.0,56.0
1005,24.0,53.0
1006,24.0,53.0
1007,24.0,53.0
1008,24.0,53.0
1009,24.0,53.0
1010,24.0,51.0
1011,24.0,50.0
1012,24.0,50.0
1013,24.0,50.0
1014,24.0,50.0
1015,24.0,47.0
1016,24.0,47.0
1017,24.0,47.0
1018,24.0,47.0
1019,24.0,47.0
1020,24.0,47.0
1021,24.0,62.0
1022,24.0,62.0
1023,24.0,62.0
1024,24.0,68.0
1025,24.0,56.0
1026,24.0,56.0
1027,24.0,55.0
1028,24.0,55.0
1029,24.0,65.0
1030,24.0,65.0
1031,24.0,65.0
1032,24.0,65.0
1033,24.0,65.0
1034,24.0,65.0
1035,24.0,56.0
1036,24.0,50.0
1037,24.0,50.0
1038,24.0,49.0
1039,24.0,55.0
1040,24.0,55.0
1041,24.0,49.0
1042,24.0,49.0
1043,24.0,49.0
1044,24.0,59.0
1045,24.0,59.0
1046,24.0,67.0
1047,24.0,48.0
1048,24.0,48.0
1049,24.0,48.0
1050,24.0,48.0
1051,24.0,56.0
1052,24.0,56.0
1053,24.0,56.0
1054,24.0,56.0
1055,24.0,56.0
1056,24.0,66.0
1057,24.0,61.0
1058,24.0,59.0
1059,24.0,59.0
1060,24.0,59.0
1061,24.0,56.0
1062,24.0,53.0
1063,24.0,46.0
1064,24.0,46.0
1065,24.0,46.0
1066,24.0,46.0
1067,24.0,46.0
1068,24.0,46.0
1069,24.0,46.0
1070,24.0,48.0
1071,24.0,48.0
1072,24.0,54.0
1073,24.0,54.0
1074,24.0,54.0
1075,24.0,54.0
1076,24.0,49.0
1077,24.0,49.0
1078,24.0,57.0
1079,24.0,57.0
1080,24.0,49.0
1081,24.0,58.0
1082,24.0,57.0
1083,24.0,57.0
1084,24.0,51.0
1085,24.0,51.0
1086,24.0,51.0
1087,24.0,48.0
1088,24.0,67.0
1089,24.0,67.0
1090,24.0,56.0
1091,24.0,52.0
1092,24.0,52.0
1093,24.0,52.0
1094,24.0,52.0
1095,24.0,52.0
1096,24.0,52.0
1097,24.0,48.0
1098,24.0,48.0
1099,24.0,48.0
1100,24.0,72.0
1101,24.0,72.0
1102,24.0,72.0
1103,24.0,72.0
1104,24.0,67.0
1105,24.0,65.0
1106,24.0,65.0
1107,24.0,65.0
1108,24.0,65.0
1109,24.0,65.0
1110,24.0,65.0
1111,24.0,65.0
1112,24.0,65.0
1113,24.0,56.0
1114,24.0,49.0
1115,24.0,49.0
1116,24.0,49.0
1117,24.0,64.0
1118,24.0,57.0
1119,24.0,63.0
1120,24.0,63.0
1121,24.0,63.0
1122,24.0,59.0
1123,24.0,59.0
1124,24.0,59.0
1125,24.0,59.0
1126,24.0,59.0
1127,24.0,59.0
1128,24.0,59.0
1129,24.0,59.0
1130,24.0,59.0
1131,24.0,59.0
1132,24.0,59.0
1133,24.0,57.0
1134,24.0,57.0
1135,24.0,57.0
1136,24.0,55.0
1137,24.0,55.0
1138,24.0,55.0
1139,24.0,55.0
1140,24.0,55.0
1141,24.0,56.0
1142,24.0,56.0
1143,24.0,56.0
1144,24.0,56.0
1145,24.0,56.0
1146,24.0,56.0
1147,24.0,53.0
1148,24.0,52.0
1149,24.0,52.0
1150,24.0,52.0
1151,24.0,48.0
1152,24.0,48.0
1153,24.0,48.0
1154,24.0,48.0
1155,24.0,47.0
1156,24.0,47.0
1157,24.0,47.0
1158,24.0,47.0
1159,24.0,47.0
1160,24.0,47.0
1161,24.0,47.0
1162,24.0,47.0
1163,24.0,47.0
1164,24.0,47.0
1165,24.0,47.0
1166,24.0,47.0
1167,24.0,47.0
1168,24.0,47.0
1169,24.0,47.0
1170,24.0,47.0
1171,24.0,47.0
1172,24.0,47.0
1173,24.0,46.0
1174,24.0,46.0
1175,24.0,45.0
1176,24.0,45.0
1177,24.0,45.0
1178,24.0,61.0
1179,24.0,61.0
1180,24.0,61.0
1181,24.0,61.0
1182,24.0,61.0
1183,24.0,59.0
1184,24.0,59.0
1185,24.0,50.0
1186,24.0,50.0
1187,24.0,57.0
1188,24.0,54.0
1189,24.0,54.0
1190,24.0,54.0
1191,24.0,54.0
1192,24.0,53.0
1193,24.0,53.0
1194,24.0,53.0
1195,24.0,53.0
1196,24.0,52.0
1197,24.0,52.0
1198,24.0,52.0
1199,24.0,52.0
1200,24.0,52.0
1201,24.0,52.0
1202,24.0,52.0
1203,24.0,52.0
1204,24.0,52.0
1205,24.0,52.0
1206,24.0,52.0
1207,24.0,52.0
1208,24.0,65.0
1209,24.0,65.0
1210,24.0,62.0
1211,24.0,60.0
1212,24.0,60.0
1213,24.0,60.0
1214,24.0,60.0
1215,24.0,60.0
1216,24.0,60.0
1217,24.0,60.0
1218,24.0,58.0
1219,24.0,58.0
1220,24.0,58.0
1221,24.0,58.0
1222,24.0,59.0
1223,24.0,59.0
1224,24.0,53.0
1225,24.0,50.0
1226,24.0,50.0
1227,24.0,50.0
1228,24.0,50.0
1229,24.0,50.0
1230,24.0,50.0
1231,24.0,50.0
1232,24.0,50.0
1233,24.0,50.0
1234,24.0,50.0
1235,24.0,50.0
1236,24.0,50.0
1237,24.0,50.0
1238,24.0,50.0
1239,24.0,50.0
1240,24.0,50.0
1241,24.0,59.0
1242,24.0,71.0
1243,24.0,62.0
1244,24.0,62.0
1245,24.0,57.0
1246,24.0,57.0
1247,24.0,54.0
1248,24.0,48.0
1249,24.0,48.0
1250,24.0,48.0
1251,24.0,48.0
1252,24.0,48.0
1253,24.0,48.0
1254,24.0,48.0
1255,24.0,48.0
1256,24.0,49.0
1257,24.0,49.0
1258,24.0,49.0
1259,24.0,49.0
1260,24.0,49.0
1261,24.0,49.0
1262,24.0,49.0
1263,24.0,49.0
1264,24.0,49.0
1265,24.0,49.0
1266,24.0,49.0
1267,24.0,49.0
1268,24.0,49.0
1269,24.0,49.0
1270,24.0,49.0
1271,24.0,49.0
1272,24.0,49.0
1273,24.0,49.0
1274,24.0,49.0
1275,24.0,49.0
1276,24.0,49.0
1277,24.0,49.0
1278,24.0,49.0
1279,24.0,56.0
1280,24.0,56.0
1281,24.0,56.0
1282,24.0,56.0
1283,24.0,56.0
1284,24.0,56.0
1285,24.0,56.0
1286,24.0,56.0
1287,24.0,56.0
1288,24.0,56.0
1289,24.0,56.0
1290,24.0,71.0
1291,24.0,61.0
1292,24.0,61.0
1293,24.0,63.0
1294,24.0,60.0
1295,24.0,60.0
1296,24.0,55.0
1297,24.0,55.0
1298,24.0,55.0
1299,24.0,55.0
1300,24.0,55.0
1301,24.0,55.0
1302,24.0,55.0
1303,24.0,52.0
1304,24.0,52.0
1305,24.0,52.0
1306,24.0,52.0
1307,24.0,52.0
1308,24.0,52.0
1309,24.0,52.0
1310,24.0,52.0
1311,24.0,52.0
1312,24.0,52.0
1313,24.0,52.0
1314,24.0,52.0
1315,24.0,52.0
1316,24.0,52.0
1317,24.0,55.0
1318,24.0,55.0
1319,24.0,55.0
1320,24.0,55.0
1321,24.0,55.0
1322,24.0,55.0
1323,24.0,55.0
1324,24.0,55.0
1325,24.0,46.0
1326,24.0,46.0
1327,24.0,46.0
1328,24.0,46.0
1329,24.0,46.0
1330,24.0,46.0
1331,24.0,52.0
1332,24.0,52.0
1333,24.0,52.0
1334,24.0,52.0
1335,24.0,52.0
1336,24.0,52.0
1337,24.0,45.0
1338,24.0,55.0
1339,24.0,52.0
1340,24.0,52.0
1341,24.0,53.0
1342,24.0,47.0
1343,24.0,47.0
1344,24.0,47.0
1345,24.0,52.0
1346,24.0,52.0
1347,24.0,51.0
1348,24.0,51.0
1349,24.0,51.0
1350,24.0,51.0
1351,24.0,51.0
1352,24.0,51.0
1353,24.0,51.0
1354,24.0,51.0
1355,24.0,55.0
1356,24.0,53.0
1357,24.0,53.0
1358,24.0,53.0
1359,24.0,53.0
1360,24.0,53.0
1361,24.0,53.0
1362,24.0,53.0
1363,24.0,65.0
1364,24.0,57.0
1365,24.0,57.0
1366,24.0,57.0
1367,24.0,57.0
1368,24.0,50.0
1369,24.0,50.0
1370,24.0,50.0
1371,24.0,50.0
1372,24.0,50.0
1373,24.0,50.0
1374,24.0,50.0
1375,24.0,50.0
1376,24.0,51.0
1377,24.0,51.0
1378,24.0,51.0
1379,24.0,51.0
1380,24.0,48.0
1381,24.0,48.0
1382,24.0,48.0
1383,24.0,48.0
1384,24.0,48.0
1385,24.0,48.0
1386,24.0,48.0
1387,24.0,48.0
1388,24.0,48.0
1389,24.0,48.0
1390,24.0,48.0
1391,24.0,48.0
1392,24.0,48.0
1393,24.0,48.0
1394,24.0,48.0
1395,24.0,47.0
1396,24.0,47.0
1397,24.0,47.0
1398,24.0,47.0
1399,24.0,47.0
1400,24.0,51.0
1401,24.0,51.0
1402,24.0,51.0
1403,24.0,51.0
1404,24.0,51.0
1405,24.0,50.0
1406,24.0,62.0
1407,24.0,56.0
1408,24.0,56.0
1409,24.0,56.0
1410,24.0,56.0
1411,24.0,56.0
1412,24.0,53.0
1413,24.0,53.0
1414,24.0,53.0
1415,24.0,53.0
1416,24.0,53.0
1417,24.0,53.0
1418,24.0,53.0
1419,24.0,53.0
1420,24.0,53.0
1421,24.0,53.0
1422,24.0,53.0
1423,24.0,53.0
1424,24.0,53.0
1425,24.0,53.0
1426,24.0,53.0
1427,24.0,53.0
1428,24.0,53.0
1429,24.0,53.0
1430,24.0,61.0
1431,24.0,61.0
1432,24.0,60.0
1433,24.0,58.0
1434,24.0,58.0
1435,24.0,58.0
1436,24.0,52.0
1437,24.0,52.0
1438,24.0,52.0
1439,24.0,52.0
1440,24.0,52.0
1441,24.0,52.0
1442,24.0,52.0
1443,24.0,52.0
1444,24.0,50.0
1445,24.0,50.0
1446,24.0,50.0
1447,24.0,50.0
1448,24.0,50.0
1449,24.0,54.0
1450,24.0,54.0
1451,24.0,54.0
1452,24.0,54.0
1453,24.0,54.0
1454,24.0,54.0
1455,24.0,66.0
1456,24.0,63.0
1457,24.0,63.0
1458,24.0,62.0
1459,24.0,62.0
1460,24.0,54.0
1461,24.0,54.0
1462,24.0,54.0
1463,24.0,52.0
1464,24.0,52.0
1465,24.0,52.0
1466,24.0,52.0
1467,24.0,52.0
1468,24.0,52.0
1469,24.0,52.0
1470,24.0,52.0
1471,24.0,52.0
1472,24.0,52.0
1473,24.0,45.0
1474,24.0,45.0
1475,24.0,38.0
1476,24.0,38.0
1477,24.0,38.0
1478,24.0,38.0
1479,24.0,38.0
1480,24.0,52.0
1481,24.0,52.0
1482,24.0,61.0
1483,24.0,52.0
1484,24.0,52.0
1485,24.0,52.0
1486,24.0,42.0
1487,24.0,42.0
1488,24.0,42.0
1489,24.0,42.0
1490,24.0,42.0
1491,24.0,42.0
1492,24.0,38.0
1493,24.0,38.0
1494,24.0,38.0
1495,24.0,55.0
1496,24.0,55.0
1497,24.0,55.0
1498,24.0,55.0
1499,24.0,55.0
1500,24.0,55.0
1501,24.0,55.0
1502,24.0,50.0
1503,24.0,50.0
1504,24.0,49.0
1505,24.0,49.0
1506,24.0,49.0
1507,24.0,49.0
1508,24.0,49.0
1509,24.0,40.0
1510,24.0,40.0
1511,24.0,43.0
1512,24.0,43.0
1513,24.0,53.0
1514,24.0,45.0
1515,24.0,45.0
1516,24.0,45.0
1517,24.0,45.0
1518,24.0,45.0
1519,24.0,45.0
1520,24.0,45.0
1521,24.0,45.0
1522,24.0,45.0
1523,24.0,45.0
1524,24.0,45.0
1525,24.0,45.0
1526,24.0,45.0
1527,24.0,45.0
1528,24.0,45.0
1529,24.0,45.0
1530,24.0,44.0
1531,24.0,42.0
1532,24.0,42.0
1533,24.0,42.0
1534,24.0,42.0
1535,24.0,42.0
1536,24.0,42.0
1537,24.0,42.0
1538,24.0,42.0
1539,24.0,42.0
1540,24.0,51.0
1541,24.0,51.0
1542,24.0,51.0
1543,24.0,51.0
1544,24.0,51.0
1545,24.0,51.0
1546,24.0,45.0
1547,24.0,45.0
1548,24.0,45.0
1549,24.0,45.0
1550,24.0,45.0
1551,24.0,45.0
1552,24.0,45.0
1553,24.0,45.0
1554,24.0,45.0
1555,24.0,45.0
1556,24.0,45.0
1557,24.0,45.0
1558,24.0,51.0
1559,24.0,51.0
1560,24.0,58.0
1561,24.0,53.0
1562,24.0,49.0
1563,24.0,49.0
1564,24.0,49.0
1565,24.0,49.0
1566,24.0,46.0
1567,24.0,46.0
1568,24.0,60.0
1569,24.0,60.0
1570,24.0,51.0
1571,24.0,51.0
1572,24.0,51.0
1573,24.0,51.0
1574,24.0,51.0
1575,24.0,51.0
1576,24.0,48.0
1577,24.0,56.0
1578,24.0,47.0
1579,24.0,47.0
1580,24.0,48.0
1581,24.0,44.0
1582,24.0,50.0
1583,24.0,46.0
1584,24.0,46.0
1585,24.0,46.0
1586,24.0,46.0
1587,24.0,46.0
1588,24.0,46.0
1589,24.0,46.0
1590,24.0,44.0
1591,24.0,44.0
1592,24.0,44.0
1593,24.0,64.0
1594,24.0,46.0
1595,24.0,46.0
1596,24.0,46.0
1597,24.0,53.0
1598,24.0,53.0
1599,24.0,53.0
1600,24.0,53.0
1601,24.0,53.0
1602,24.0,49.0
1603,24.0,49.0
1604,24.0,49.0
1605,24.0,49.0
1606,24.0,49.0
1607,24.0,49.0
1608,24.0,49.0
1609,24.0,68.0
1610,24.0,68.0
1611,24.0,56.0
1612,24.0,56.0
1613,24.0,56.0
1614,24.0,53.0
1615,24.0,52.0
1616,24.0,52.0
1617,24.0,52.0
1618,24.0,52.0
1619,24.0,52.0
1620,24.0,52.0
1621,24.0,65.0
1622,24.0,55.0
1623,24.0,55.0
1624,24.0,48.0
1625,24.0,48.0
1626,24.0,48.0
1627,24.0,48.0
1628,24.0,48.0
1629,24.0,48.0
1630,24.0,48.0
1631,24.0,48.0
1632,24.0,48.0
1633,24.0,48.0
1634,24.0,48.0
1635,24.0,48.0
1636,24.0,48.0
1637,24.0,48.0
1638,24.0,48.0
1639,24.0,48.0
1640,24.0,48.0
1641,24.0,48.0
1642,24.0,48.0
1643,24.0,48.0
1644,24.0,48.0
1645,24.0,48.0
1646,24.0,48.0
1647,24.0,48.0
1648,24.0,48.0
1649,24.0,48.0
1650,24.0,48.0
1651,24.0,48.0
1652,24.0,48.0
1653,24.0,48.0
1654,24.0,48.0
1655,24.0,48.0
1656,24.0,48.0
1657,24.0,48.0
1658,24.0,48.0
1659,24.0,48.0
1660,24.0,61.0
1661,24.0,58.0
1662,24.0,55.0
1663,24.0,55.0
1664,24.0,55.0
1665,24.0,55.0
1666,24.0,53.0
1667,24.0,52.0
1668,24.0,49.0
1669,24.0,44.0
1670,24.0,44.0
1671,24.0,42.0
1672,24.0,42.0
1673,24.0,42.0
1674,24.0,42.0
1675,24.0,42.0
1676,24.0,42.0
1677,24.0,42.0
1678,24.0,37.0
1679,24.0,37.0
1680,24.0,37.0
1681,24.0,37.0
1682,24.0,37.0
1683,24.0,47.0
1684,24.0,47.0
1685,24.0,47.0
1686,24.0,47.0
1687,24.0,47.0
1688,24.0,47.0
1689,24.0,47.0
1690,24.0,47.0
1691,24.0,57.0
1692,24.0,57.0
1693,24.0,54.0
1694,24.0,54.0
1695,24.0,53.0
1696,24.0,53.0
1697,24.0,50.0
1698,24.0,50.0
1699,24.0,46.0
1700,24.0,46.0
1701,24.0,46.0
1702,24.0,46.0
1703,24.0,46.0
1704,24.0,46.0
1705,24.0,46.0
1706,24.0,46.0
1707,24.0,46.0
1708,24.0,46.0
1709,24.0,59.0
1710,24.0,59.0
1711,24.0,51.0
1712,24.0,51.0
1713,24.0,51.0
1714,24.0,51.0
1715,24.0,44.0
1716,24.0,44.0
1717,24.0,44.0
1718,24.0,44.0
1719,24.0,44.0
1720,24.0,44.0
1721,24.0,44.0
1722,24.0,44.0
1723,24.0,44.0
1724,24.0,44.0
1725,24.0,44.0
1726,24.0,44.0
1727,24.0,44.0
1728,24.0,44.0
1729,24.0,44.0
1730,24.0,44.0
1731,24.0,44.0
1732,24.0,49.0
1733,24.0,49.0
1734,24.0,48.0
1735,24.0,48.0
1736,24.0,55.0
1737,24.0,55.0
1738,24.0,61.0
1739,24.0,54.0
1740,24.0,49.0
1741,24.0,49.0
1742,24.0,49.0
1743,24.0,49.0
1744,24.0,49.0
1745,24.0,44.0
1746,24.0,44.0
1747,24.0,44.0
1748,24.0,50.0
1749,24.0,50.0
1750,24.0,50.0
1751,24.0,50.0
1752,24.0,65.0
1753,24.0,63.0
1754,24.0,55.0
1755,24.0,55.0
1756,24.0,55.0
1757,24.0,55.0
1758,24.0,55.0
1759,24.0,55.0
1760,24.0,49.0
1761,24.0,49.0
1762,24.0,58.0
1763,24.0,58.0
1764,24.0,55.0
1765,24.0,64.0
1766,24.0,62.0
1767,24.0,59.0
1768,24.0,57.0
1769,24.0,57.0
1770,24.0,57.0
1771,24.0,57.0
1772,24.0,57.0
1773,24.0,57.0
1774,24.0,57.0
1775,24.0,67.0
1776,24.0,52.0
1777,24.0,51.0
1778,24.0,51.0
1779,24.0,51.0
1780,24.0,51.0
1781,24.0,51.0
1782,24.0,51.0
1783,24.0,51.0
1784,24.0,51.0
1785,24.0,50.0
1786,24.0,50.0
1787,24.0,50.0
1788,24.0,50.0
1789,24.0,50.0
1790,24.0,50.0
1791,24.0,50.0
1792,24.0,50.0
1793,24.0,50.0
1794,24.0,50.0
1795,24.0,50.0
1796,24.0,50.0
1797,24.0,57.0
1798,24.0,67.0
1799,24.0,55.0
1800,24.0,52.0
1801,24.0,52.0
1802,24.0,56.0
1803,24.0,56.0
1804,24.0,54.0
1805,24.0,65.0
1806,24.0,64.0
1807,24.0,56.0
1808,24.0,56.0
1809,24.0,56.0
1810,24.0,67.0
1811,24.0,77.0
1812,24.0,62.0
1813,24.0,62.0
1814,24.0,62.0
1815,24.0,54.0
1816,24.0,54.0
1817,24.0,54.0
1818,24.0,54.0
1819,24.0,54.0
1820,24.0,54.0
1821,24.0,50.0
1822,24.0,50.0
1823,24.0,49.0
1824,24.0,49.0
1825,24.0,49.0
1826,24.0,49.0
1827,24.0,49.0
1828,24.0,49.0
1829,24.0,49.0
1830,24.0,49.0
1831,24.0,49.0
1832,24.0,49.0
1833,24.0,49.0
1834,24.0,49.0
1835,24.0,49.0
1836,24.0,49.0
1837,24.0,49.0
1838,24.0,49.0
1839,24.0,49.0
1840,24.0,47.0
1841,24.0,46.0
1842,24.0,46.0
1843,24.0,59.0
1844,24.0,59.0
1845,24.0,57.0
1846,24.0,57.0
1847,24.0,55.0
1848,24.0,50.0
1849,24.0,50.0
1850,24.0,50.0
1851,24.0,57.0
1852,24.0,57.0
1853,24.0,51.0
1854,24.0,51.0
1855,24.0,51.0
1856,24.0,51.0
1857,24.0,51.0
1858,24.0,51.0
1859,24.0,51.0
1860,24.0,51.0
1861,24.0,72.0
1862,24.0,68.0
1863,24.0,60.0
1864,24.0,50.0
1865,24.0,50.0
1866,24.0,48.0
1867,24.0,48.0
1868,24.0,48.0
1869,24.0,48.0
1870,24.0,48.0
1871,24.0,48.0
1872,24.0,48.0
1873,24.0,48.0
1874,24.0,47.0
1875,24.0,47.0
1876,24.0,56.0
1877,24.0,51.0
1878,24.0,46.0
1879,24.0,46.0
1880,24.0,46.0
1881,24.0,46.0
1882,24.0,46.0
1883,24.0,46.0
1884,24.0,46.0
1885,24.0,46.0
1886,24.0,45.0
1887,24.0,45.0
1888,24.0,45.0
1889,24.0,44.0
1890,24.0,44.0
1891,24.0,44.0
1892,24.0,52.0
1893,24.0,48.0
1894,24.0,60.0
1895,24.0,57.0
1896,24.0,57.0
1897,24.0,57.0
1898,24.0,51.0
1899,24.0,51.0
1900,24.0,50.0
1901,24.0,50.0
1902,24.0,49.0
1903,24.0,43.0
1904,24.0,43.0
1905,24.0,41.0
1906,24.0,41.0
1907,24.0,41.0
1908,24.0,41.0
1909,24.0,41.0
1910,24.0,41.0
1911,24.0,41.0
1912,24.0,41.0
1913,24.0,41.0
1914,24.0,41.0
1915,24.0,41.0
1916,24.0,41.0
1917,24.0,41.0
1918,24.0,41.0
1919,24.0,41.0
1920,24.0,41.0
1921,24.0,41.0
1922,24.0,41.0
1923,24.0,41.0
1924,24.0,41.0
1925,24.0,41.0
1926,24.0,41.0
1927,24.0,41.0
1928,24.0,41.0
1929,24.0,41.0
1930,24.0,41.0
1931,24.0,41.0
1932,24.0,55.0
1933,24.0,44.0
1934,24.0,44.0
1935,24.0,44.0
1936,24.0,44.0
1937,24.0,44.0
1938,24.0,44.0
1939,24.0,44.0
1940,24.0,53.0
1941,24.0,52.0
1942,24.0,52.0
1943,24.0,52.0
1944,24.0,52.0
1945,24.0,52.0
1946,24.0,52.0
1947,24.0,52.0
1948,24.0,47.0
1949,24.0,43.0
1950,24.0,43.0
1951,24.0,43.0
1952,24.0,43.0
1953,24.0,43.0
1954,24.0,43.0
1955,24.0,43.0
1956,24.0,43.0
1957,24.0,43.0
1958,24.0,43.0
1959,24.0,43.0
1960,24.0,65.0
1961,24.0,52.0
1962,24.0,52.0
1963,24.0,52.0
1964,24.0,52.0
1965,24.0,52.0
1966,24.0,59.0
1967,24.0,54.0
1968,24.0,54.0
1969,24.0,54.0
1970,24.0,54.0
1971,24.0,54.0
1972,24.0,54.0
1973,24.0,54.0
1974,24.0,51.0
1975,24.0,51.0
1976,24.0,51.0
1977,24.0,51.0
1978,24.0,48.0
1979,24.0,48.0
1980,24.0,48.0
1981,24.0,42.0
1982,24.0,42.0
1983,24.0,39.0
1984,24.0,39.0
1985,24.0,39.0
1986,24.0,39.0
1987,24.0,39.0
1988,24.0,39.0
1989,24.0,39.0
1990,24.0,39.0
1991,24.0,39.0
1992,24.0,39.0
1993,24.0,39.0
1994,24.0,39.0
1995,24.0,39.0
1996,24.0,39.0
1997,24.0,39.0
1998,24.0,39.0
1999,24.0,39.0
2000,24.0,39.0
2001,24.0,39.0
2002,24.0,39.0
2003,24.0,39.0
2004,24.0,39.0
2005,24.0,39.0
2006,24.0,39.0
2007,24.0,39.0
2008,24.0,52.0
2009,24.0,52.0
2010,24.0,49.0
2011,24.0,49.0
2012,24.0,49.0
2013,24.0,49.0
2014,24.0,49.0
2015,24.0,49.0
2016,24.0,49.0
2017,24.0,48.0
2018,24.0,48.0
2019,24.0,53.0
2020,24.0,53.0
2021,24.0,53.0
2022,24.0,53.0
2023,24.0,49.0
2024,24.0,49.0
2025,24.0,49.0
2026,24.0,43.0
2027,24.0,43.0
2028,24.0,43.0
2029,24.0,43.0
2030,24.0,43.0
2031,24.0,43.0
2032,24.0,43.0
2033,24.0,50.0
2034,24.0,41.0
2035,24.0,41.0
2036,24.0,41.0
2037,24.0,56.0
2038,24.0,48.0
2039,24.0,48.0
2040,24.0,48.0
2041,24.0,48.0
2042,24.0,48.0
2043,24.0,48.0
2044,24.0,48.0
2045,24.0,48.0
2046,24.0,48.0
2047,24.0,48.0
2048,24.0,48.0
2049,24.0,48.0
2050,24.0,48.0
2051,24.0,48.0
2052,24.0,48.0
2053,24.0,57.0
2054,24.0,57.0
2055,24.0,57.0
2056,24.0,53.0
2057,24.0,53.0
2058,24.0,53.0
2059,24.0,53.0
2060,24.0,53.0
2061,24.0,53.0
2062,24.0,51.0
2063,24.0,51.0
2064,24.0,51.0
2065,24.0,51.0
2066,24.0,51.0
2067,24.0,51.0
2068,24.0,51.0
2069,24.0,51.0
2070,24.0,51.0
2071,24.0,51.0
2072,24.0,51.0
2073,24.0,51.0
2074,24.0,51.0
2075,24.0,51.0
2076,24.0,51.0
2077,24.0,51.0
2078,24.0,51.0
2079,24.0,51.0
2080,24.0,51.0
2081,24.0,51.0
2082,24.0,51.0
2083,24.0,51.0
2084,24.0,60.0
2085,24.0,57.0
2086,24.0,50.0
2087,24.0,50.0
2088,24.0,46.0
2089,24.0,43.0
2090,24.0,43.0
2091,24.0,43.0
2092,24.0,43.0
2093,24.0,43.0
2094,24.0,43.0
2095,24.0,43.0
2096,24.0,43.0
2097,24.0,43.0
2098,24.0,43.0
2099,24.0,43.0
2100,24.0,45.0
2101,24.0,45.0
2102,24.0,45.0
2103,24.0,52.0
2104,24.0,52.0
2105,24.0,52.0
2106,24.0,49.0
2107,24.0,49.0
2108,24.0,49.0
2109,24.0,49.0
2110,24.0,49.0
2111,24.0,49.0
2112,24.0,49.0
2113,24.0,49.0
2114,24.0,49.0
2115,24.0,48.0
2116,24.0,48.0
2117,24.0,48.0
2118,24.0,48.0
2119,24.0,48.0
2120,24.0,48.0
2121,24.0,48.0
2122,24.0,48.0
2123,24.0,48.0
2124,24.0,48.0
2125,24.0,48.0
2126,24.0,48.0
2127,24.0,48.0
2128,24.0,48.0
2129,24.0,48.0
2130,24.0,48.0
2131,24.0,48.0
2132,24.0,48.0
2133,24.0,48.0
2134,24.0,48.0
2135,24.0,48.0
2136,24.0,48.0
2137,24.0,48.0
2138,24.0,48.0
2139,24.0,48.0
2140,24.0,48.0
2141,24.0,58.0
2142,24.0,58.0
2143,24.0,58.0
2144,24.0,58.0
2145,24.0,58.0
2146,24.0,58.0
2147,24.0,55.0
2148,24.0,63.0
2149,24.0,61.0
2150,24.0,61.0
2151,24.0,61.0
2152,24.0,61.0
2153,24.0,61.0
2154,24.0,61.0
2155,24.0,61.0
2156,24.0,61.0
2157,24.0,61.0
2158,24.0,61.0
2159,24.0,61.0
2160,24.0,61.0
2161,24.0,61.0
2162,24.0,61.0
2163,24.0,52.0
2164,24.0,52.0
2165,24.0,52.0
2166,24.0,52.0
2167,24.0,52.0
2168,24.0,54.0
2169,24.0,54.0
2170,24.0,54.0
2171,24.0,51.0
2172,24.0,51.0
2173,24.0,51.0
2174,24.0,49.0
2175,24.0,46.0
2176,24.0,46.0
2177,24.0,46.0
2178,24.0,46.0
2179,24.0,46.0
2180,24.0,46.0
2181,24.0,46.0
2182,24.0,46.0
2183,24.0,42.0
2184,24.0,42.0
2185,24.0,42.0
2186,24.0,42.0
2187,24.0,42.0
2188,24.0,54.0
2189,24.0,54.0
2190,24.0,54.0
2191,24.0,57.0
2192,24.0,49.0
2193,24.0,49.0
2194,24.0,49.0
2195,24.0,49.0
2196,24.0,49.0
2197,24.0,49.0
2198,24.0,49.0
2199,24.0,60.0
2200,24.0,62.0
2201,24.0,62.0
2202,24.0,57.0
2203,24.0,57.0
2204,24.0,63.0
2205,24.0,58.0
2206,24.0,58.0
2207,24.0,58.0
2208,24.0,58.0
2209,24.0,52.0
2210,24.0,52.0
2211,24.0,52.0
2212,24.0,52.0
2213,24.0,52.0
2214,24.0,52.0
2215,24.0,52.0
2216,24.0,51.0
2217,24.0,51.0
2218,24.0,51.0
2219,24.0,51.0
2220,24.0,49.0
2221,24.0,49.0
2222,24.0,49.0
2223,24.0,48.0
2224,24.0,48.0
2225,24.0,48.0
2226,24.0,48.0
2227,24.0,48.0
2228,24.0,48.0
2229,24.0,53.0
2230,24.0,53.0
2231,24.0,53.0
2232,24.0,53.0
2233,24.0,51.0
2234,24.0,51.0
2235,24.0,51.0
2236,24.0,51.0
2237,24.0,51.0
2238,24.0,51.0
2239,24.0,51.0
2240,24.0,51.0
2241,24.0,51.0
2242,24.0,51.0
2243,24.0,85.0
2244,24.0,64.0
2245,24.0,55.0
2246,24.0,55.0
2247,24.0,55.0
2248,24.0,54.0
2249,24.0,54.0
2250,24.0,56.0
2251,24.0,56.0
2252,24.0,56.0
2253,24.0,56.0
2254,24.0,56.0
2255,24.0,56.0
2256,24.0,56.0
2257,24.0,56.0
2258,24.0,56.0
2259,24.0,54.0
2260,24.0,54.0
2261,24.0,54.0
2262,24.0,54.0
2263,24.0,49.0
2264,24.0,49.0
2265,24.0,49.0
2266,24.0,49.0
2267,24.0,49.0
2268,24.0,49.0
2269,24.0,49.0
2270,24.0,69.0
2271,24.0,60.0
2272,24.0,60.0
2273,24.0,60.0
2274,24.0,60.0
2275,24.0,60.0
2276,24.0,53.0
2277,24.0,67.0
2278,24.0,53.0
2279,24.0,53.0
2280,24.0,53.0
2281,24.0,58.0
2282,24.0,58.0
2283,24.0,58.0
2284,24.0,53.0
2285,24.0,53.0
2286,24.0,51.0
2287,24.0,51.0
2288,24.0,51.0
2289,24.0,51.0
2290,24.0,50.0
2291,24.0,59.0
2292,24.0,59.0
2293,24.0,53.0
2294,24.0,53.0
2295,24.0,53.0
2296,24.0,53.0
2297,24.0,46.0
2298,24.0,46.0
2299,24.0,46.0
2300,24.0,46.0
2301,24.0,46.0
2302,24.0,40.0
2303,24.0,40.0
2304,24.0,40.0
2305,24.0,40.0
2306,24.0,40.0
2307,24.0,40.0
2308,24.0,36.0
2309,24.0,36.0
2310,24.0,58.0
2311,24.0,43.0
2312,24.0,43.0
2313,24.0,43.0
2314,24.0,43.0
2315,24.0,43.0
2316,24.0,43.0
2317,24.0,43.0
2318,24.0,43.0
2319,24.0,43.0
2320,24.0,43.0
2321,24.0,43.0
2322,24.0,43.0
2323,24.0,43.0
2324,24.0,43.0
2325,24.0,43.0
2326,24.0,43.0
2327,24.0,43.0
2328,24.0,50.0
2329,24.0,50.0
2330,24.0,50.0
2331,24.0,50.0
2332,24.0,50.0
2333,24.0,50.0
2334,24.0,50.0
2335,24.0,50.0
2336,24.0,50.0
2337,24.0,50.0
2338,24.0,50.0
2339,24.0,48.0
2340,24.0,42.0
2341,24.0,42.0
2342,24.0,42.0
2343,24.0,47.0
2344,24.0,47.0
2345,24.0,47.0
2346,24.0,46.0
2347,24.0,46.0
2348,24.0,46.0
2349,24.0,46.0
2350,24.0,46.0
2351,24.0,46.0
2352,24.0,46.0
2353,24.0,46.0
2354,24.0,46.0
2355,24.0,48.0
2356,24.0,55.0
2357,24.0,55.0
2358,24.0,55.0
2359,24.0,55.0
2360,24.0,56.0
2361,24.0,56.0
2362,24.0,56.0
2363,24.0,56.0
2364,24.0,56.0
2365,24.0,56.0
2366,24.0,52.0
2367,24.0,52.0
2368,24.0,52.0
2369,24.0,52.0
2370,24.0,54.0
2371,24.0,54.0
2372,24.0,54.0
2373,24.0,54.0
2374,24.0,43.0
2375,24.0,43.0
2376,24.0,43.0
2377,24.0,74.0
2378,24.0,74.0
2379,24.0,62.0
2380,24.0,58.0
2381,24.0,58.0
2382,24.0,52.0
2383,24.0,52.0
2384,24.0,47.0
2385,24.0,65.0
2386,24.0,64.0
2387,24.0,64.0
2388,24.0,61.0
2389,24.0,61.0
2390,24.0,57.0
2391,24.0,57.0
2392,24.0,57.0
2393,24.0,57.0
2394,24.0,57.0
2395,24.0,57.0
2396,24.0,57.0
2397,24.0,57.0
2398,24.0,57.0
2399,24.0,75.0
2400,24.0,75.0
2401,24.0,75.0
2402,24.0,66.0
2403,24.0,66.0
2404,24.0,56.0
2405,24.0,56.0
2406,24.0,56.0
2407,24.0,58.0
2408,24.0,58.0
2409,24.0,50.0
2410,24.0,50.0
2411,24.0,50.0
2412,24.0,50.0
2413,24.0,50.0
2414,24.0,50.0
2415,24.0,55.0
2416,24.0,55.0
2417,24.0,53.0
2418,24.0,46.0
2419,24.0,46.0
2420,24.0,46.0
2421,24.0,46.0
2422,24.0,46.0
2423,24.0,46.0
2424,24.0,45.0
2425,24.0,59.0
2426,24.0,57.0
2427,24.0,62.0
2428,24.0,55.0
2429,24.0,54.0
2430,24.0,54.0
2431,24.0,54.0
2432,24.0,54.0
2433,24.0,54.0
2434,24.0,53.0
2435,24.0,53.0
2436,24.0,53.0
2437,24.0,53.0
2438,24.0,53.0
2439,24.0,49.0
2440,24.0,49.0
2441,24.0,49.0
2442,24.0,49.0
2443,24.0,49.0
2444,24.0,49.0
2445,24.0,49.0
2446,24.0,49.0
2447,24.0,49.0
2448,24.0,49.0
2449,24.0,49.0
2450,24.0,49.0
2451,24.0,49.0
2452,24.0,49.0
2453,24.0,49.0
2454,24.0,56.0
2455,24.0,52.0
2456,24.0,52.0
2457,24.0,52.0
2458,24.0,52.0
2459,24.0,46.0
2460,24.0,46.0
2461,24.0,62.0
2462,24.0,62.0
2463,24.0,56.0
2464,24.0,53.0
2465,24.0,53.0
2466,24.0,67.0
2467,24.0,67.0
2468,24.0,65.0
2469,24.0,65.0
2470,24.0,65.0
2471,24.0,56.0
2472,24.0,56.0
2473,24.0,56.0
2474,24.0,56.0
2475,24.0,56.0
2476,24.0,56.0
2477,24.0,66.0
2478,24.0,55.0
2479,24.0,55.0
2480,24.0,54.0
2481,24.0,54.0
2482,24.0,54.0
2483,24.0,50.0
2484,24.0,50.0
2485,24.0,68.0
2486,24.0,68.0
2487,24.0,67.0
2488,24.0,62.0
2489,24.0,57.0
2490,24.0,55.0
2491,24.0,55.0
2492,24.0,55.0
2493,24.0,55.0
2494,24.0,52.0
2495,24.0,52.0
2496,24.0,52.0
2497,24.0,52.0
2498,24.0,52.0
2499,24.0,52.0
2500,24.0,52.0
2501,24.0,52.0
2502,24.0,52.0
2503,24.0,51.0
2504,24.0,51.0
2505,24.0,51.0
2506,24.0,51.0
2507,24.0,51.0
2508,24.0,51.0
2509,24.0,51.0
2510,24.0,50.0
2511,24.0,50.0
2512,24.0,50.0
2513,24.0,50.0
2514,24.0,50.0
2515,24.0,46.0
2516,24.0,46.0
2517,24.0,46.0
2518,24.0,46.0
2519,24.0,46.0
2520,24.0,46.0
2521,24.0,45.0
2522,24.0,45.0
2523,24.0,45.0
2524,24.0,46.0
2525,24.0,46.0
2526,24.0,43.0
2527,24.0,43.0
2528,24.0,43.0
2529,24.0,43.0
2530,24.0,43.0
2531,24.0,51.0
2532,24.0,51.0
2533,24.0,51.0
2534,24.0,51.0
2535,24.0,51.0
2536,24.0,51.0
2537,24.0,51.0
2538,24.0,51.0
2539,24.0,49.0
2540,24.0,49.0
2541,24.0,49.0
2542,24.0,49.0
2543,24.0,49.0
2544,24.0,59.0
2545,24.0,59.0
2546,24.0,59.0
2547,24.0,59.0
2548,24.0,59.0
2549,24.0,59.0
2550,24.0,59.0
2551,24.0,59.0
2552,24.0,51.0
2553,24.0,51.0
2554,24.0,55.0
2555,24.0,55.0
2556,24.0,55.0
2557,24.0,55.0
2558,24.0,55.0
2559,24.0,55.0
2560,24.0,60.0
2561,24.0,60.0
2562,24.0,57.0
2563,24.0,57.0
2564,24.0,57.0
2565,24.0,53.0
2566,24.0,53.0
2567,24.0,53.0
2568,24.0,53.0
2569,24.0,53.0
2570,24.0,53.0
2571,24.0,53.0
2572,24.0,53.0
2573,24.0,75.0
2574,24.0,66.0
2575,24.0,66.0
2576,24.0,66.0
2577,24.0,66.0
2578,24.0,66.0
2579,24.0,52.0
2580,24.0,52.0
2581,24.0,52.0
2582,24.0,52.0
2583,24.0,52.0
2584,24.0,51.0
2585,24.0,51.0
2586,24.0,67.0
2587,24.0,62.0
2588,24.0,62.0
2589,24.0,60.0
2590,24.0,60.0
2591,24.0,50.0
2592,24.0,50.0
2593,24.0,55.0
2594,24.0,43.0
2595,24.0,43.0
2596,24.0,43.0
2597,24.0,43.0
2598,24.0,48.0
2599,24.0,48.0
2600,24.0,48.0
2601,24.0,48.0
2602,24.0,48.0
2603,24.0,55.0
2604,24.0,55.0
2605,24.0,55.0
2606,24.0,55.0
2607,24.0,55.0
2608,24.0,55.0
2609,24.0,54.0
2610,24.0,54.0
2611,24.0,54.0
2612,24.0,51.0
2613,24.0,51.0
2614,24.0,50.0
2615,24.0,50.0
2616,24.0,50.0
2617,24.0,49.0
2618,24.0,49.0
2619,24.0,49.0
2620,24.0,49.0
2621,24.0,49.0
2622,24.0,49.0
2623,24.0,49.0
2624,24.0,54.0
2625,24.0,54.0
2626,24.0,53.0
2627,24.0,53.0
2628,24.0,53.0
2629,24.0,53.0
2630,24.0,57.0
2631,24.0,52.0
2632,24.0,51.0
2633,24.0,44.0
2634,24.0,36.0
2635,24.0,33.0
2636,24.0,33.0
2637,24.0,33.0
2638,24.0,33.0
2639,24.0,33.0
2640,24.0,33.0
2641,24.0,33.0
2642,24.0,33.0
2643,24.0,33.0
2644,24.0,31.0
2645,24.0,31.0
2646,24.0,31.0
2647,24.0,31.0
2648,24.0,31.0
2649,24.0,31.0
2650,24.0,40.0
2651,24.0,40.0
2652,24.0,40.0
2653,24.0,40.0
2654,24.0,40.0
2655,24.0,40.0
2656,24.0,40.0
2657,24.0,40.0
2658,24.0,40.0
2659,24.0,40.0
2660,24.0,40.0
2661,24.0,40.0
2662,24.0,36.0
2663,24.0,36.0
2664,24.0,36.0
2665,24.0,36.0
2666,24.0,36.0
2667,24.0,36.0
2668,24.0,36.0
2669,24.0,36.0
2670,24.0,36.0
2671,24.0,36.0
2672,24.0,36.0
2673,24.0,36.0
2674,24.0,36.0
2675,24.0,36.0
2676,24.0,36.0
2677,24.0,36.0
2678,24.0,36.0
2679,24.0,36.0
2680,24.0,36.0
2681,24.0,36.0
2682,24.0,36.0
2683,24.0,36.0
2684,24.0,46.0
2685,24.0,46.0
2686,24.0,46.0
2687,24.0,45.0
2688,24.0,45.0
2689,24.0,44.0
2690,24.0,39.0
2691,24.0,39.0
2692,24.0,39.0
2693,24.0,39.0
2694,24.0,39.0
2695,24.0,39.0
2696,24.0,39.0
2697,24.0,39.0
2698,24.0,39.0
2699,24.0,39.0
2700,24.0,39.0
2701,24.0,42.0
2702,24.0,38.0
2703,24.0,38.0
2704,24.0,38.0
2705,24.0,38.0
2706,24.0,36.0
2707,24.0,35.0
2708,24.0,35.0
2709,24.0,35.0
2710,24.0,35.0
2711,24.0,35.0
2712,24.0,35.0
2713,24.0,35.0
2714,24.0,35.0
2715,24.0,35.0
2716,24.0,35.0
2717,24.0,35.0
2718,24.0,35.0
2719,24.0,35.0
2720,24.0,35.0
2721,24.0,35.0
2722,24.0,35.0
2723,24.0,35.0
2724,24.0,35.0
2725,24.0,35.0
2726,24.0,35.0
2727,24.0,35.0
2728,24.0,35.0
2729,24.0,35.0
2730,24.0,35.0
2731,24.0,35.0
2732,24.0,35.0
2733,24.0,41.0
2734,24.0,41.0
2735,24.0,48.0
2736,24.0,48.0
2737,24.0,48.0
2738,24.0,48.0
2739,24.0,47.0
2740,24.0,38.0
2741,24.0,38.0
2742,24.0,38.0
2743,24.0,38.0
2744,24.0,38.0
2745,24.0,38.0
2746,24.0,38.0
2747,24.0,38.0
2748,24.0,38.0
2749,24.0,38.0
2750,24.0,53.0
2751,24.0,43.0
2752,24.0,50.0
2753,24.0,50.0
2754,24.0,50.0
2755,24.0,58.0
2756,24.0,56.0
2757,24.0,48.0
2758,24.0,48.0
2759,24.0,48.0
2760,24.0,56.0
2761,24.0,54.0
2762,24.0,49.0
2763,24.0,36.0
2764,24.0,36.0
2765,24.0,36.0
2766,24.0,36.0
2767,24.0,36.0
2768,24.0,36.0
2769,24.0,36.0
2770,24.0,36.0
2771,24.0,34.0
2772,24.0,34.0
2773,24.0,34.0
2774,24.0,34.0
2775,24.0,34.0
2776,24.0,34.0
2777,24.0,34.0
2778,24.0,34.0
2779,24.0,34.0
2780,24.0,34.0
2781,24.0,34.0
2782,24.0,34.0
2783,24.0,34.0
2784,24.0,34.0
2785,24.0,34.0
2786,24.0,34.0
2787,24.0,41.0
2788,24.0,41.0
2789,24.0,41.0
2790,24.0,40.0
2791,24.0,40.0
2792,24.0,40.0
2793,24.0,36.0
2794,24.0,36.0
2795,24.0,36.0
2796,24.0,51.0
2797,24.0,51.0
2798,24.0,51.0
2799,24.0,47.0
2800,24.0,42.0
2801,24.0,42.0
2802,24.0,42.0
2803,24.0,42.0
2804,24.0,42.0
2805,24.0,42.0
2806,24.0,44.0
2807,24.0,43.0
2808,24.0,43.0
2809,24.0,43.0
2810,24.0,43.0
2811,24.0,43.0
2812,24.0,43.0
2813,24.0,43.0
2814,24.0,43.0
2815,24.0,43.0
2816,24.0,43.0
2817,24.0,43.0
2818,24.0,43.0
2819,24.0,43.0
2820,24.0,43.0
2821,24.0,43.0
2822,24.0,43.0
2823,24.0,43.0
2824,24.0,43.0
2825,24.0,43.0
2826,24.0,51.0
2827,24.0,51.0
2828,24.0,51.0
2829,24.0,51.0
2830,24.0,51.0
2831,24.0,51.0
2832,24.0,51.0
2833,24.0,51.0
2834,24.0,51.0
2835,24.0,63.0
2836,24.0,61.0
2837,24.0,67.0
2838,24.0,67.0
2839,24.0,67.0
2840,24.0,62.0
2841,24.0,62.0
2842,24.0,59.0
2843,24.0,59.0
2844,24.0,59.0
2845,24.0,59.0
2846,24.0,59.0
2847,24.0,56.0
2848,24.0,56.0
2849,24.0,52.0
2850,24.0,52.0
2851,24.0,50.0
2852,24.0,50.0
2853,24.0,50.0
2854,24.0,50.0
2855,24.0,50.0
2856,24.0,50.0
2857,24.0,50.0
2858,24.0,50.0
2859,24.0,50.0
2860,24.0,50.0
2861,24.0,50.0
2862,24.0,50.0
2863,24.0,50.0
2864,24.0,50.0
2865,24.0,50.0
2866,24.0,50.0
2867,24.0,50.0
2868,24.0,50.0
2869,24.0,50.0
2870,24.0,50.0
2871,24.0,50.0
2872,24.0,50.0
2873,24.0,50.0
2874,24.0,50.0
2875,24.0,50.0
2876,24.0,50.0
2877,24.0,61.0
2878,24.0,61.0
2879,24.0,61.0
2880,24.0,61.0
2881,24.0,53.0
2882,24.0,48.0
2883,24.0,48.0
2884,24.0,48.0
2885,24.0,48.0
2886,24.0,48.0
2887,24.0,48.0
2888,24.0,48.0
2889,24.0,65.0
2890,24.0,65.0
2891,24.0,65.0
2892,24.0,65.0
2893,24.0,51.0
2894,24.0,49.0
2895,24.0,49.0
2896,24.0,49.0
2897,24.0,49.0
2898,24.0,49.0
2899,24.0,71.0
2900,24.0,66.0
2901,24.0,54.0
2902,24.0,54.0
2903,24.0,55.0
2904,24.0,55.0
2905,24.0,55.0
2906,24.0,55.0
2907,24.0,55.0
2908,24.0,46.0
2909,24.0,46.0
2910,24.0,46.0
2911,24.0,46.0
2912,24.0,46.0
2913,24.0,46.0
2914,24.0,46.0
2915,24.0,46.0
2916,24.0,46.0
2917,24.0,46.0
2918,24.0,46.0
2919,24.0,46.0
2920,24.0,46.0
2921,24.0,46.0
2922,24.0,46.0
2923,24.0,46.0
2924,24.0,46.0
2925,24.0,46.0
2926,24.0,46.0
2927,24.0,46.0
2928,24.0,46.0
2929,24.0,46.0
2930,24.0,46.0
2931,24.0,46.0
2932,24.0,46.0
2933,24.0,46.0
2934,24.0,46.0
2935,24.0,46.0
2936,24.0,46.0
2937,24.0,56.0
2938,24.0,56.0
2939,24.0,56.0
2940,24.0,54.0
2941,24.0,54.0
2942,24.0,54.0
2943,24.0,54.0
2944,24.0,64.0
2945,24.0,57.0
2946,24.0,57.0
2947,24.0,44.0
2948,24.0,44.0
2949,24.0,44.0
2950,24.0,44.0
2951,24.0,44.0
2952,24.0,64.0
2953,24.0,58.0
2954,24.0,58.0
2955,24.0,51.0
2956,24.0,51.0
2957,24.0,48.0
2958,24.0,48.0
2959,24.0,48.0
2960,24.0,48.0
2961,24.0,48.0
2962,24.0,48.0
2963,24.0,48.0
2964,24.0,48.0
2965,24.0,48.0
2966,24.0,48.0
2967,24.0,55.0
2968,24.0,55.0
2969,24.0,51.0
2970,24.0,51.0
2971,24.0,51.0
2972,24.0,61.0
2973,24.0,59.0
2974,24.0,51.0
2975,24.0,51.0
2976,24.0,51.0
2977,24.0,51.0
2978,24.0,51.0
2979,24.0,51.0
2980,24.0,51.0
2981,24.0,51.0
2982,24.0,51.0
2983,24.0,51.0
2984,24.0,51.0
2985,24.0,51.0
2986,24.0,51.0
2987,24.0,49.0
2988,24.0,49.0
2989,24.0,49.0
2990,24.0,49.0
2991,24.0,49.0
2992,24.0,49.0
2993,24.0,49.0
2994,24.0,49.0
2995,24.0,64.0
2996,24.0,53.0
2997,24.0,53.0
2998,24.0,58.0
2999,24.0,55.0
3000,24.0,55.0
3001,24.0,55.0
3002,24.0,55.0
3003,24.0,53.0
3004,24.0,53.0
3005,24.0,53.0
3006,24.0,66.0
3007,24.0,65.0
3008,24.0,65.0
3009,24.0,65.0
3010,24.0,65.0
3011,24.0,61.0
3012,24.0,61.0
3013,24.0,61.0
3014,24.0,61.0
3015,24.0,61.0
3016,24.0,56.0
3017,24.0,60.0
3018,24.0,60.0
3019,24.0,56.0
3020,24.0,47.0
3021,24.0,47.0
3022,24.0,47.0
3023,24.0,47.0
3024,24.0,47.0
3025,24.0,47.0
3026,24.0,47.0
3027,24.0,47.0
3028,24.0,51.0
3029,24.0,51.0
3030,24.0,51.0
3031,24.0,51.0
3032,24.0,55.0
3033,24.0,50.0
3034,24.0,49.0
3035,24.0,49.0
3036,24.0,49.0
3037,24.0,49.0
3038,24.0,49.0
3039,24.0,49.0
3040,24.0,49.0
3041,24.0,37.0
3042,24.0,50.0
3043,24.0,46.0
3044,24.0,45.0
3045,24.0,45.0
3046,24.0,45.0
3047,24.0,41.0
3048,24.0,41.0
3049,24.0,41.0
3050,24.0,41.0
3051,24.0,41.0
3052,24.0,41.0
3053,24.0,41.0
3054,24.0,41.0
3055,24.0,41.0
3056,24.0,41.0
3057,24.0,41.0
3058,24.0,41.0
3059,24.0,41.0
3060,24.0,41.0
3061,24.0,41.0
3062,24.0,51.0
3063,24.0,51.0
3064,24.0,62.0
3065,24.0,51.0
3066,24.0,51.0
3067,24.0,51.0
3068,24.0,51.0
3069,24.0,48.0
3070,24.0,48.0
3071,24.0,48.0
3072,24.0,48.0
3073,24.0,48.0
3074,24.0,48.0
3075,24.0,48.0
3076,24.0,48.0
3077,24.0,48.0
3078,24.0,48.0
3079,24.0,56.0
3080,24.0,56.0
3081,24.0,63.0
3082,24.0,60.0
3083,24.0,60.0
3084,24.0,59.0
3085,24.0,51.0
3086,24.0,51.0
3087,24.0,51.0
3088,24.0,51.0
3089,24.0,51.0
3090,24.0,51.0
3091,24.0,51.0
3092,24.0,51.0
3093,24.0,51.0
3094,24.0,51.0
3095,24.0,51.0
3096,24.0,51.0
3097,24.0,51.0
3098,24.0,51.0
3099,24.0,51.0
3100,24.0,51.0
3101,24.0,51.0
3102,24.0,51.0
3103,24.0,51.0
3104,24.0,51.0
3105,24.0,51.0
3106,24.0,78.0
3107,24.0,66.0
3108,24.0,66.0
3109,24.0,66.0
3110,24.0,62.0
3111,24.0,62.0
3112,24.0,62.0
3113,24.0,56.0
3114,24.0,56.0
3115,24.0,56.0
3116,24.0,52.0
3117,24.0,49.0
3118,24.0,49.0
3119,24.0,49.0
3120,24.0,47.0
3121,24.0,47.0
3122,24.0,47.0
3123,24.0,47.0
3124,24.0,47.0
3125,24.0,47.0
3126,24.0,47.0
3127,24.0,47.0
3128,24.0,47.0
3129,24.0,47.0
3130,24.0,47.0
3131,24.0,47.0
3132,24.0,47.0
3133,24.0,47.0
3134,24.0,47.0
3135,24.0,47.0
3136,24.0,47.0
3137,24.0,47.0
3138,24.0,47.0
3139,24.0,47.0
3140,24.0,47.0
3141,24.0,47.0
3142,24.0,47.0
3143,24.0,46.0
3144,24.0,46.0
3145,24.0,44.0
3146,24.0,44.0
3147,24.0,44.0
3148,24.0,44.0
3149,24.0,44.0
3150,24.0,44.0
3151,24.0,44.0
3152,24.0,44.0
3153,24.0,44.0
3154,24.0,44.0
3155,24.0,44.0
3156,24.0,44.0
3157,24.0,44.0
3158,24.0,44.0
3159,24.0,44.0
3160,24.0,44.0
3161,24.0,44.0
3162,24.0,50.0
3163,24.0,50.0
3164,24.0,45.0
3165,24.0,45.0
3166,24.0,45.0
3167,24.0,45.0
3168,24.0,45.0
3169,24.0,45.0
3170,24.0,45.0
3171,24.0,45.0
3172,24.0,45.0
3173,24.0,45.0
3174,24.0,45.0
3175,24.0,45.0
3176,24.0,44.0
3177,24.0,43.0
3178,24.0,54.0
3179,24.0,54.0
3180,24.0,54.0
3181,24.0,54.0
3182,24.0,54.0
3183,24.0,54.0
3184,24.0,54.0
3185,24.0,44.0
3186,24.0,44.0
3187,24.0,44.0
3188,24.0,44.0
3189,24.0,44.0
3190,24.0,44.0
3191,24.0,44.0
3192,24.0,44.0
3193,24.0,44.0
3194,24.0,44.0
3195,24.0,44.0
3196,24.0,44.0
3197,24.0,44.0
3198,24.0,44.0
3199,24.0,44.0
3200,24.0,50.0
3201,24.0,48.0
3202,24.0,48.0
3203,24.0,52.0
3204,24.0,46.0
3205,24.0,46.0
3206,24.0,42.0
3207,24.0,42.0
3208,24.0,48.0
3209,24.0,58.0
3210,24.0,45.0
3211,24.0,45.0
3212,24.0,45.0
3213,24.0,41.0
3214,24.0,41.0
3215,24.0,46.0
3216,24.0,46.0
3217,24.0,46.0
3218,24.0,44.0
3219,24.0,44.0
3220,24.0,41.0
3221,24.0,38.0
3222,24.0,38.0
3223,24.0,38.0
3224,24.0,38.0
3225,24.0,38.0
3226,24.0,38.0
3227,24.0,38.0
3228,24.0,38.0
3229,24.0,38.0
3230,24.0,38.0
3231,24.0,38.0
3232,24.0,38.0
3233,24.0,38.0
3234,24.0,38.0
3235,24.0,38.0
3236,24.0,38.0
3237,24.0,38.0
3238,24.0,38.0
3239,24.0,38.0
3240,24.0,38.0
3241,24.0,38.0
3242,24.0,38.0
3243,24.0,38.0
3244,24.0,38.0
3245,24.0,38.0
3246,24.0,38.0
3247,24.0,38.0
3248,24.0,38.0
3249,24.0,38.0
3250,24.0,38.0
3251,24.0,38.0
3252,24.0,38.0
3253,24.0,38.0
3254,24.0,38.0
3255,24.0,38.0
3256,24.0,38.0
3257,24.0,38.0
3258,24.0,38.0
3259,24.0,38.0
3260,24.0,38.0
3261,24.0,38.0
3262,24.0,38.0
3263,24.0,38.0
3264,24.0,38.0
3265,24.0,38.0
3266,24.0,38.0
3267,24.0,38.0
3268,24.0,38.0
3269,24.0,38.0
3270,24.0,38.0
3271,24.0,38.0
3272,24.0,38.0
3273,24.0,37.0
3274,24.0,37.0
3275,24.0,37.0
3276,24.0,37.0
3277,24.0,37.0
3278,24.0,37.0
3279,24.0,37.0
3280,24.0,39.0
3281,24.0,37.0
3282,24.0,37.0
3283,24.0,37.0
3284,24.0,37.0
3285,24.0,37.0
3286,24.0,37.0
3287,24.0,37.0
3288,24.0,37.0
3289,24.0,37.0
3290,24.0,37.0
3291,24.0,37.0
3292,24.0,47.0
3293,24.0,47.0
3294,24.0,47.0
3295,24.0,47.0
3296,24.0,45.0
3297,24.0,45.0
3298,24.0,47.0
3299,24.0,47.0
3300,24.0,36.0
3301,24.0,36.0
3302,24.0,36.0
3303,24.0,36.0
3304,24.0,36.0
3305,24.0,36.0
3306,24.0,36.0
3307,24.0,36.0
3308,24.0,36.0
3309,24.0,36.0
3310,24.0,36.0
3311,24.0,36.0
3312,24.0,36.0
3313,24.0,36.0
3314,24.0,36.0
3315,24.0,36.0
3316,24.0,36.0
3317,24.0,36.0
3318,24.0,36.0
3319,24.0,43.0
3320,24.0,43.0
3321,24.0,43.0
3322,24.0,43.0
3323,24.0,43.0
3324,24.0,43.0
3325,24.0,43.0
3326,24.0,43.0
3327,24.0,43.0
3328,24.0,44.0
3329,24.0,44.0
3330,24.0,44.0
3331,24.0,44.0
3332,24.0,41.0
3333,24.0,41.0
3334,24.0,53.0
3335,24.0,53.0
3336,24.0,46.0
3337,24.0,46.0
3338,24.0,46.0
3339,24.0,46.0
3340,24.0,46.0
3341,24.0,46.0
3342,24.0,46.0
3343,24.0,46.0
3344,24.0,46.0
3345,24.0,46.0
3346,24.0,46.0
3347,24.0,46.0
3348,24.0,46.0
3349,24.0,46.0
3350,24.0,46.0
3351,24.0,46.0
3352,24.0,42.0
3353,24.0,42.0
3354,24.0,42.0
3355,24.0,42.0
3356,24.0,42.0
3357,24.0,42.0
3358,24.0,42.0
3359,24.0,42.0
3360,24.0,42.0
3361,24.0,42.0
3362,24.0,42.0
3363,24.0,42.0
3364,24.0,42.0
3365,24.0,42.0
3366,24.0,42.0
3367,24.0,39.0
3368,24.0,39.0
3369,24.0,48.0
3370,24.0,44.0
3371,24.0,44.0
3372,24.0,44.0
3373,24.0,44.0
3374,24.0,44.0
3375,24.0,44.0
3376,24.0,44.0
3377,24.0,44.0
3378,24.0,44.0
3379,24.0,44.0
3380,24.0,44.0
3381,24.0,50.0
3382,24.0,50.0
3383,24.0,50.0
3384,24.0,48.0
3385,24.0,48.0
3386,24.0,48.0
3387,24.0,48.0
3388,24.0,48.0
3389,24.0,48.0
3390,24.0,48.0
3391,24.0,48.0
3392,24.0,48.0
3393,24.0,48.0
3394,24.0,48.0
3395,24.0,48.0
3396,24.0,48.0
3397,24.0,47.0
3398,24.0,47.0
3399,24.0,47.0
3400,24.0,47.0
3401,24.0,47.0
3402,24.0,47.0
3403,24.0,59.0
3404,24.0,59.0
3405,24.0,59.0
3406,24.0,59.0
3407,24.0,59.0
3408,24.0,55.0
3409,24.0,55.0
3410,24.0,53.0
3411,24.0,61.0
3412,24.0,65.0
3413,24.0,57.0
3414,24.0,57.0
3415,24.0,57.0
3416,24.0,53.0
3417,24.0,53.0
3418,24.0,53.0
3419,24.0,53.0
3420,24.0,53.0
3421,24.0,53.0
3422,24.0,55.0
3423,24.0,55.0
3424,24.0,55.0
3425,24.0,55.0
3426,24.0,55.0
3427,24.0,55.0
3428,24.0,55.0
3429,24.0,55.0
3430,24.0,55.0
3431,24.0,55.0
3432,24.0,55.0
3433,24.0,55.0
3434,24.0,55.0
3435,24.0,55.0
3436,24.0,55.0
3437,24.0,53.0
3438,24.0,52.0
3439,24.0,52.0
3440,24.0,52.0
3441,24.0,52.0
3442,24.0,52.0
3443,24.0,52.0
3444,24.0,52.0
3445,24.0,49.0
3446,24.0,49.0
3447,24.0,58.0
3448,24.0,54.0
3449,24.0,54.0
3450,24.0,54.0
3451,24.0,54.0
3452,24.0,54.0
3453,24.0,46.0
3454,24.0,46.0
3455,24.0,45.0
3456,24.0,45.0
3457,24.0,45.0
3458,24.0,45.0
3459,24.0,45.0
3460,24.0,45.0
3461,24.0,45.0
3462,24.0,45.0
3463,24.0,45.0
3464,24.0,45.0
3465,24.0,45.0
3466,24.0,45.0
3467,24.0,45.0
3468,24.0,42.0
3469,24.0,42.0
3470,24.0,42.0
3471,24.0,42.0
3472,24.0,42.0
3473,24.0,42.0
3474,24.0,42.0
3475,24.0,42.0
3476,24.0,41.0
3477,24.0,41.0
3478,24.0,41.0
3479,24.0,41.0
3480,24.0,39.0
3481,24.0,39.0
3482,24.0,39.0
3483,24.0,39.0
3484,24.0,39.0
3485,24.0,39.0
3486,24.0,39.0
3487,24.0,58.0
3488,24.0,58.0
3489,24.0,56.0
3490,24.0,56.0
3491,24.0,56.0
3492,24.0,56.0
3493,24.0,56.0
3494,24.0,56.0
3495,24.0,64.0
3496,24.0,63.0
3497,24.0,63.0
3498,24.0,59.0
3499,24.0,59.0
3500,24.0,59.0
3501,24.0,59.0
3502,24.0,59.0
3503,24.0,59.0
3504,24.0,59.0
3505,24.0,59.0
3506,24.0,59.0
3507,24.0,57.0
3508,24.0,57.0
3509,24.0,57.0
3510,24.0,62.0
3511,24.0,61.0
3512,24.0,61.0
3513,24.0,61.0
3514,24.0,56.0
3515,24.0,55.0
3516,24.0,55.0
3517,24.0,69.0
3518,24.0,60.0
3519,24.0,60.0
3520,24.0,60.0
3521,24.0,60.0
3522,24.0,60.0
3523,24.0,57.0
3524,24.0,57.0
3525,24.0,57.0
3526,24.0,76.0
3527,24.0,69.0
3528,24.0,64.0
3529,24.0,64.0
3530,24.0,58.0
3531,24.0,52.0
3532,24.0,43.0
3533,24.0,42.0
3534,24.0,42.0
3535,24.0,42.0
3536,24.0,42.0
3537,24.0,42.0
3538,24.0,42.0
3539,24.0,42.0
3540,24.0,42.0
3541,24.0,42.0
3542,24.0,42.0
3543,24.0,42.0
3544,24.0,40.0
3545,24.0,40.0
3546,24.0,40.0
3547,24.0,40.0
3548,24.0,40.0
3549,24.0,40.0
3550,24.0,40.0
3551,24.0,40.0
3552,24.0,40.0
3553,24.0,40.0
3554,24.0,33.0
3555,24.0,33.0
3556,24.0,33.0
3557,24.0,33.0
3558,24.0,33.0
3559,24.0,32.0
3560,24.0,32.0
3561,24.0,37.0
3562,24.0,37.0
3563,24.0,37.0
3564,24.0,37.0
3565,24.0,37.0
3566,24.0,37.0
3567,24.0,37.0
3568,24.0,37.0
3569,24.0,37.0
3570,24.0,37.0
3571,24.0,52.0
3572,24.0,52.0
3573,24.0,52.0
3574,24.0,52.0
3575,24.0,52.0
3576,24.0,65.0
3577,24.0,65.0
3578,24.0,62.0
3579,24.0,62.0
3580,24.0,62.0
3581,24.0,58.0
3582,24.0,47.0
3583,24.0,47.0
3584,24.0,47.0
3585,24.0,47.0
3586,24.0,47.0
3587,24.0,47.0
3588,24.0,47.0
3589,24.0,47.0
3590,24.0,47.0
3591,24.0,47.0
3592,24.0,47.0
3593,24.0,47.0
3594,24.0,47.0
3595,24.0,47.0
3596,24.0,47.0
3597,24.0,41.0
3598,24.0,44.0
3599,24.0,44.0
3600,24.0,44.0
3601,24.0,44.0
3602,24.0,44.0
3603,24.0,44.0
3604,24.0,44.0
3605,24.0,65.0
3606,24.0,50.0
3607,24.0,50.0
3608,24.0,50.0
3609,24.0,50.0
3610,24.0,50.0
3611,24.0,49.0
3612,24.0,45.0
3613,24.0,45.0
3614,24.0,45.0
3615,24.0,45.0
3616,24.0,45.0
3617,24.0,45.0
3618,24.0,45.0
3619,24.0,45.0
3620,24.0,57.0
3621,24.0,35.0
3622,24.0,38.0
3623,24.0,38.0
3624,24.0,38.0
3625,24.0,38.0
3626,24.0,38.0
3627,24.0,38.0
3628,24.0,38.0
3629,24.0,38.0
3630,24.0,38.0
3631,24.0,38.0
3632,24.0,38.0
3633,24.0,38.0
3634,24.0,38.0
3635,24.0,38.0
3636,24.0,37.0
3637,24.0,37.0
3638,24.0,47.0
3639,24.0,47.0
3640,24.0,47.0
3641,24.0,47.0
3642,24.0,47.0
3643,24.0,53.0
3644,24.0,49.0
3645,24.0,49.0
3646,24.0,49.0
3647,24.0,49.0
3648,24.0,49.0
3649,24.0,49.0
3650,24.0,49.0
3651,24.0,49.0
3652,24.0,49.0
3653,24.0,49.0
3654,24.0,49.0
3655,24.0,49.0
3656,24.0,49.0
3657,24.0,48.0
3658,24.0,48.0
3659,24.0,48.0
3660,24.0,44.0
3661,24.0,42.0
3662,24.0,42.0
3663,24.0,42.0
3664,24.0,42.0
3665,24.0,42.0
3666,24.0,42.0
3667,24.0,42.0
3668,24.0,42.0
3669,24.0,42.0
3670,24.0,41.0
3671,24.0,41.0
3672,24.0,41.0
3673,24.0,41.0
3674,24.0,41.0
3675,24.0,41.0
3676,24.0,41.0
3677,24.0,41.0
3678,24.0,50.0
3679,24.0,50.0
3680,24.0,50.0
3681,24.0,50.0
3682,24.0,50.0
3683,24.0,50.0
3684,24.0,58.0
3685,24.0,58.0
3686,24.0,58.0
3687,24.0,58.0
3688,24.0,52.0
3689,24.0,52.0
3690,24.0,52.0
3691,24.0,52.0
3692,24.0,52.0
3693,24.0,52.0
3694,24.0,52.0
3695,24.0,52.0
3696,24.0,52.0
3697,24.0,52.0
3698,24.0,52.0
3699,24.0,52.0
3700,24.0,52.0
3701,24.0,52.0
3702,24.0,42.0
3703,24.0,42.0
3704,24.0,42.0
3705,24.0,42.0
3706,24.0,42.0
3707,24.0,42.0
3708,24.0,42.0
3709,24.0,42.0
3710,24.0,42.0
3711,24.0,42.0
3712,24.0,42.0
3713,24.0,42.0
3714,24.0,42.0
3715,24.0,42.0
3716,24.0,42.0
3717,24.0,42.0
3718,24.0,49.0
3719,24.0,49.0
3720,24.0,45.0
3721,24.0,45.0
3722,24.0,54.0
3723,24.0,53.0
3724,24.0,53.0
3725,24.0,53.0
3726,24.0,53.0
3727,24.0,53.0
3728,24.0,53.0
3729,24.0,68.0
3730,24.0,64.0
3731,24.0,56.0
3732,24.0,56.0
3733,24.0,56.0
3734,24.0,56.0
3735,24.0,56.0
3736,24.0,56.0
3737,24.0,56.0
3738,24.0,56.0
3739,24.0,64.0
3740,24.0,58.0
3741,24.0,58.0
3742,24.0,58.0
3743,24.0,58.0
3744,24.0,53.0
3745,24.0,53.0
3746,24.0,53.0
3747,24.0,53.0
3748,24.0,53.0
3749,24.0,53.0
3750,24.0,53.0
3751,24.0,53.0
3752,24.0,53.0
3753,24.0,53.0
3754,24.0,53.0
3755,24.0,53.0
3756,24.0,53.0
3757,24.0,49.0
3758,24.0,49.0
3759,24.0,78.0
3760,24.0,62.0
3761,24.0,62.0
3762,24.0,62.0
3763,24.0,62.0
3764,24.0,62.0
3765,24.0,62.0
3766,24.0,61.0
3767,24.0,61.0
3768,24.0,61.0
3769,24.0,61.0
3770,24.0,61.0
3771,24.0,61.0
3772,24.0,64.0
3773,24.0,64.0
3774,24.0,64.0
3775,24.0,64.0
3776,24.0,64.0
3777,24.0,64.0
3778,24.0,64.0
3779,24.0,54.0
3780,24.0,54.0
3781,24.0,54.0
3782,24.0,54.0
3783,24.0,49.0
3784,24.0,49.0
3785,24.0,49.0
3786,24.0,49.0
3787,24.0,48.0
3788,24.0,48.0
3789,24.0,48.0
3790,24.0,48.0
3791,24.0,48.0
3792,24.0,48.0
3793,24.0,46.0
3794,24.0,46.0
3795,24.0,46.0
3796,24.0,46.0
3797,24.0,46.0
3798,24.0,46.0
3799,24.0,46.0
3800,24.0,46.0
3801,24.0,46.0
3802,24.0,46.0
3803,24.0,46.0
3804,24.0,46.0
3805,24.0,46.0
3806,24.0,46.0
3807,24.0,46.0
3808,24.0,46.0
3809,24.0,46.0
3810,24.0,46.0
3811,24.0,46.0
3812,24.0,46.0
3813,24.0,46.0
3814,24.0,46.0
3815,24.0,46.0
3816,24.0,46.0
3817,24.0,46.0
3818,24.0,46.0
3819,24.0,46.0
3820,24.0,46.0
3821,24.0,46.0
3822,24.0,46.0
3823,24.0,46.0
3824,24.0,46.0
3825,24.0,46.0
3826,24.0,45.0
3827,24.0,45.0
3828,24.0,45.0
3829,24.0,45.0
3830,24.0,45.0
3831,24.0,58.0
3832,24.0,55.0
3833,24.0,48.0
3834,24.0,48.0
3835,24.0,48.0
3836,24.0,48.0
3837,24.0,48.0
3838,24.0,48.0
3839,24.0,48.0
3840,24.0,50.0
3841,24.0,50.0
3842,24.0,67.0
3843,24.0,59.0
3844,24.0,59.0
3845,24.0,59.0
3846,24.0,53.0
3847,24.0,53.0
3848,24.0,53.0
3849,24.0,53.0
3850,24.0,53.0
3851,24.0,53.0
3852,24.0,53.0
3853,24.0,50.0
3854,24.0,50.0
3855,24.0,50.0
3856,24.0,50.0
3857,24.0,50.0
3858,24.0,50.0
3859,24.0,50.0
3860,24.0,50.0
3861,24.0,50.0
3862,24.0,68.0
3863,24.0,68.0
3864,24.0,60.0
3865,24.0,60.0
3866,24.0,58.0
3867,24.0,55.0
3868,24.0,55.0
3869,24.0,55.0
3870,24.0,55.0
3871,24.0,55.0
3872,24.0,55.0
3873,24.0,55.0
3874,24.0,48.0
3875,24.0,48.0
3876,24.0,48.0
3877,24.0,48.0
3878,24.0,48.0
3879,24.0,48.0
3880,24.0,48.0
3881,24.0,48.0
3882,24.0,48.0
3883,24.0,48.0
3884,24.0,48.0
3885,24.0,48.0
3886,24.0,48.0
3887,24.0,59.0
3888,24.0,65.0
3889,24.0,54.0
3890,24.0,54.0
3891,24.0,54.0
3892,24.0,54.0
3893,24.0,47.0
3894,24.0,47.0
3895,24.0,47.0
3896,24.0,47.0
3897,24.0,47.0
3898,24.0,47.0
3899,24.0,47.0
3900,24.0,47.0
3901,24.0,47.0
3902,24.0,47.0
3903,24.0,47.0
3904,24.0,47.0
3905,24.0,47.0
3906,24.0,47.0
3907,24.0,47.0
3908,24.0,47.0
3909,24.0,47.0
3910,24.0,47.0
3911,24.0,47.0
3912,24.0,57.0
3913,24.0,57.0
3914,24.0,47.0
3915,24.0,47.0
3916,24.0,47.0
3917,24.0,47.0
3918,24.0,47.0
3919,24.0,47.0
3920,24.0,47.0
3921,24.0,47.0
3922,24.0,47.0
3923,24.0,47.0
3924,24.0,48.0
3925,24.0,48.0
3926,24.0,48.0
3927,24.0,48.0
3928,24.0,47.0
3929,24.0,47.0
3930,24.0,47.0
3931,24.0,47.0
3932,24.0,47.0
3933,24.0,47.0
3934,24.0,47.0
3935,24.0,45.0
3936,24.0,45.0
3937,24.0,45.0
3938,24.0,45.0
3939,24.0,45.0
3940,24.0,45.0
3941,24.0,47.0
3942,24.0,49.0
3943,24.0,49.0
3944,24.0,49.0
3945,24.0,45.0
3946,24.0,45.0
3947,24.0,45.0
3948,24.0,45.0
3949,24.0,45.0
3950,24.0,45.0
3951,24.0,45.0
3952,24.0,45.0
3953,24.0,45.0
3954,24.0,45.0
3955,24.0,45.0
3956,24.0,45.0
3957,24.0,45.0
3958,24.0,53.0
3959,24.0,53.0
3960,24.0,53.0
3961,24.0,53.0
3962,24.0,53.0
3963,24.0,53.0
3964,24.0,53.0
3965,24.0,43.0
3966,24.0,43.0
3967,24.0,43.0
3968,24.0,49.0
3969,24.0,49.0
3970,24.0,60.0
3971,24.0,56.0
3972,24.0,54.0
3973,24.0,41.0
3974,24.0,41.0
3975,24.0,41.0
3976,24.0,41.0
3977,24.0,41.0
3978,24.0,41.0
3979,24.0,41.0
3980,24.0,41.0
3981,24.0,41.0
3982,24.0,41.0
3983,24.0,41.0
3984,24.0,41.0
3985,24.0,41.0
3986,24.0,41.0
3987,24.0,41.0
3988,24.0,41.0
3989,24.0,41.0
3990,24.0,41.0
3991,24.0,41.0
3992,24.0,41.0
3993,24.0,41.0
3994,24.0,41.0
3995,24.0,41.0
3996,24.0,41.0
3997,24.0,39.0
3998,24.0,39.0
3999,24.0,39.0
4000,24.0,39.0
4001,24.0,48.0
4002,24.0,57.0
4003,24.0,57.0
4004,24.0,57.0
4005,24.0,55.0
4006,24.0,52.0
4007,24.0,52.0
4008,24.0,52.0
4009,24.0,52.0
4010,24.0,52.0
4011,24.0,52.0
4012,24.0,52.0
4013,24.0,52.0
4014,24.0,52.0
4015,24.0,51.0
4016,24.0,48.0
4017,24.0,48.0
4018,24.0,48.0
4019,24.0,48.0
4020,24.0,48.0
4021,24.0,48.0
4022,24.0,48.0
4023,24.0,72.0
4024,24.0,62.0
4025,24.0,52.0
4026,24.0,47.0
4027,24.0,47.0
4028,24.0,47.0
4029,24.0,47.0
4030,24.0,47.0
4031,24.0,47.0
4032,24.0,47.0
4033,24.0,47.0
4034,24.0,47.0
4035,24.0,45.0
4036,24.0,45.0
4037,24.0,45.0
4038,24.0,45.0
4039,24.0,45.0
4040,24.0,39.0
4041,24.0,39.0
4042,24.0,39.0
4043,24.0,39.0
4044,24.0,39.0
4045,24.0,39.0
4046,24.0,39.0
4047,24.0,39.0
4048,24.0,53.0
4049,24.0,53.0
4050,24.0,53.0
4051,24.0,54.0
4052,24.0,54.0
4053,24.0,54.0
4054,24.0,54.0
4055,24.0,54.0
4056,24.0,54.0
4057,24.0,54.0
4058,24.0,54.0
4059,24.0,61.0
4060,24.0,61.0
4061,24.0,61.0
4062,24.0,58.0
4063,24.0,58.0
4064,24.0,58.0
4065,24.0,58.0
4066,24.0,56.0
4067,24.0,56.0
4068,24.0,56.0
4069,24.0,62.0
4070,24.0,62.0
4071,24.0,51.0
4072,24.0,51.0
4073,24.0,51.0
4074,24.0,51.0
4075,24.0,51.0
4076,24.0,51.0
4077,24.0,48.0
4078,24.0,48.0
4079,24.0,54.0
4080,24.0,54.0
4081,24.0,54.0
4082,24.0,54.0
4083,24.0,51.0
4084,24.0,51.0
4085,24.0,43.0
4086,24.0,43.0
4087,24.0,43.0
4088,24.0,43.0
4089,24.0,40.0
4090,24.0,40.0
4091,24.0,40.0
4092,24.0,44.0
4093,24.0,44.0
4094,24.0,44.0
4095,24.0,44.0
4096,24.0,44.0
4097,24.0,44.0
4098,24.0,44.0
4099,24.0,44.0
4100,24.0,44.0
4101,24.0,44.0
4102,24.0,44.0
4103,24.0,44.0
4104,24.0,51.0
4105,24.0,51.0
4106,24.0,45.0
4107,24.0,43.0
4108,24.0,43.0
4109,24.0,55.0
4110,24.0,53.0
4111,24.0,51.0
4112,24.0,50.0
4113,24.0,47.0
4114,24.0,47.0
4115,24.0,47.0
4116,24.0,47.0
4117,24.0,47.0
4118,24.0,47.0
4119,24.0,47.0
4120,24.0,43.0
4121,24.0,43.0
4122,24.0,43.0
4123,24.0,43.0
4124,24.0,43.0
4125,24.0,43.0
4126,24.0,43.0
4127,24.0,43.0
4128,24.0,43.0
4129,24.0,43.0
4130,24.0,43.0
4131,24.0,43.0
4132,24.0,43.0
4133,24.0,56.0
4134,24.0,54.0
4135,24.0,54.0
4136,24.0,47.0
4137,24.0,47.0
4138,24.0,47.0
4139,24.0,47.0
4140,24.0,47.0
4141,24.0,47.0
4142,24.0,47.0
4143,24.0,47.0
4144,24.0,47.0
4145,24.0,47.0
4146,24.0,47.0
4147,24.0,47.0
4148,24.0,49.0
4149,24.0,49.0
4150,24.0,43.0
4151,24.0,43.0
4152,24.0,43.0
4153,24.0,43.0
4154,24.0,43.0
4155,24.0,42.0
4156,24.0,42.0
4157,24.0,42.0
4158,24.0,42.0
4159,24.0,42.0
4160,24.0,42.0
4161,24.0,42.0
4162,24.0,42.0
4163,24.0,42.0
4164,24.0,42.0
4165,24.0,41.0
4166,24.0,41.0
4167,24.0,41.0
4168,24.0,41.0
4169,24.0,41.0
4170,24.0,41.0
4171,24.0,41.0
4172,24.0,41.0
4173,24.0,41.0
4174,24.0,41.0
4175,24.0,41.0
4176,24.0,41.0
4177,24.0,41.0
4178,24.0,41.0
4179,24.0,41.0
4180,24.0,41.0
4181,24.0,41.0
4182,24.0,41.0
4183,24.0,41.0
4184,24.0,38.0
4185,24.0,38.0
4186,24.0,38.0
4187,24.0,38.0
4188,24.0,37.0
4189,24.0,37.0
4190,24.0,44.0
4191,24.0,44.0
4192,24.0,44.0
4193,24.0,44.0
4194,24.0,44.0
4195,24.0,41.0
4196,24.0,41.0
4197,24.0,41.0
4198,24.0,41.0
4199,24.0,40.0
4200,24.0,40.0
4201,24.0,40.0
4202,24.0,40.0
4203,24.0,40.0
4204,24.0,40.0
4205,24.0,40.0
4206,24.0,43.0
4207,24.0,43.0
4208,24.0,43.0
4209,24.0,43.0
4210,24.0,43.0
4211,24.0,43.0
4212,24.0,43.0
4213,24.0,43.0
4214,24.0,43.0
4215,24.0,43.0
4216,24.0,43.0
4217,24.0,42.0
4218,24.0,42.0
4219,24.0,42.0
4220,24.0,42.0
4221,24.0,56.0
4222,24.0,56.0
4223,24.0,56.0
4224,24.0,56.0
4225,24.0,54.0
4226,24.0,54.0
4227,24.0,57.0
4228,24.0,56.0
4229,24.0,56.0
4230,24.0,56.0
4231,24.0,54.0
4232,24.0,54.0
4233,24.0,51.0
4234,24.0,51.0
4235,24.0,51.0
4236,24.0,51.0
4237,24.0,51.0
4238,24.0,51.0
4239,24.0,51.0
4240,24.0,51.0
4241,24.0,51.0
4242,24.0,51.0
4243,24.0,51.0
4244,24.0,51.0
4245,24.0,51.0
4246,24.0,51.0
4247,24.0,51.0
4248,24.0,51.0
4249,24.0,51.0
4250,24.0,51.0
4251,24.0,49.0
4252,24.0,49.0
4253,24.0,49.0
4254,24.0,49.0
4255,24.0,43.0
4256,24.0,43.0
4257,24.0,43.0
4258,24.0,43.0
4259,24.0,43.0
4260,24.0,43.0
4261,24.0,43.0
4262,24.0,43.0
4263,24.0,43.0
4264,24.0,43.0
4265,24.0,43.0
4266,24.0,43.0
4267,24.0,40.0
4268,24.0,40.0
4269,24.0,40.0
4270,24.0,40.0
4271,24.0,43.0
4272,24.0,43.0
4273,24.0,43.0
4274,24.0,41.0
4275,24.0,41.0
4276,24.0,41.0
4277,24.0,41.0
4278,24.0,41.0
4279,24.0,41.0
4280,24.0,41.0
4281,24.0,41.0
4282,24.0,41.0
4283,24.0,37.0
4284,24.0,37.0
4285,24.0,42.0
4286,24.0,42.0
4287,24.0,42.0
4288,24.0,42.0
4289,24.0,42.0
4290,24.0,42.0
4291,24.0,42.0
4292,24.0,49.0
4293,24.0,49.0
4294,24.0,49.0
4295,24.0,49.0
4296,24.0,49.0
4297,24.0,49.0
4298,24.0,49.0
4299,24.0,49.0
4300,24.0,49.0
4301,24.0,49.0
4302,24.0,49.0
4303,24.0,49.0
4304,24.0,43.0
4305,24.0,43.0
4306,24.0,43.0
4307,24.0,43.0
4308,24.0,43.0
4309,24.0,43.0
4310,24.0,43.0
4311,24.0,43.0
4312,24.0,43.0
4313,24.0,43.0
4314,24.0,43.0
4315,24.0,43.0
4316,24.0,43.0
4317,24.0,43.0
4318,24.0,43.0
4319,24.0,52.0
4320,24.0,52.0
4321,24.0,52.0
4322,24.0,52.0
4323,24.0,52.0
4324,24.0,52.0
4325,24.0,52.0
4326,24.0,49.0
4327,24.0,41.0
4328,24.0,41.0
4329,24.0,41.0
4330,24.0,41.0
4331,24.0,41.0
4332,24.0,41.0
4333,24.0,41.0
4334,24.0,41.0
4335,24.0,41.0
4336,24.0,47.0
4337,24.0,40.0
4338,24.0,40.0
4339,24.0,40.0
4340,24.0,40.0
4341,24.0,40.0
4342,24.0,40.0
4343,24.0,40.0
4344,24.0,40.0
4345,24.0,40.0
4346,24.0,40.0
4347,24.0,40.0
4348,24.0,40.0
4349,24.0,40.0
4350,24.0,40.0
4351,24.0,51.0
4352,24.0,51.0
4353,24.0,51.0
4354,24.0,47.0
4355,24.0,47.0
4356,24.0,45.0
4357,24.0,45.0
4358,24.0,45.0
4359,24.0,43.0
4360,24.0,43.0
4361,24.0,43.0
4362,24.0,43.0
4363,24.0,43.0
4364,24.0,43.0
4365,24.0,43.0
4366,24.0,43.0
4367,24.0,43.0
4368,24.0,43.0
4369,24.0,43.0
4370,24.0,43.0
4371,24.0,43.0
4372,24.0,43.0
4373,24.0,43.0
4374,24.0,43.0
4375,24.0,43.0
4376,24.0,43.0
4377,24.0,43.0
4378,24.0,43.0
4379,24.0,43.0
4380,24.0,43.0
4381,24.0,43.0
4382,24.0,43.0
4383,24.0,56.0
4384,24.0,56.0
4385,24.0,56.0
4386,24.0,52.0
4387,24.0,75.0
4388,24.0,60.0
4389,24.0,56.0
4390,24.0,50.0
4391,24.0,50.0
4392,24.0,50.0
4393,24.0,49.0
4394,24.0,44.0
4395,24.0,44.0
4396,24.0,44.0
4397,24.0,44.0
4398,24.0,44.0
4399,24.0,44.0
4400,24.0,36.0
4401,24.0,36.0
4402,24.0,46.0
4403,24.0,46.0
4404,24.0,46.0
4405,24.0,46.0
4406,24.0,46.0
4407,24.0,46.0
4408,24.0,46.0
4409,24.0,46.0
4410,24.0,46.0
4411,24.0,46.0
4412,24.0,46.0
4413,24.0,45.0
4414,24.0,45.0
4415,24.0,45.0
4416,24.0,45.0
4417,24.0,45.0
4418,24.0,45.0
4419,24.0,42.0
4420,24.0,42.0
4421,24.0,42.0
4422,24.0,42.0
4423,24.0,42.0
4424,24.0,42.0
4425,24.0,42.0
4426,24.0,42.0
4427,24.0,42.0
4428,24.0,42.0
4429,24.0,42.0
4430,24.0,42.0
4431,24.0,42.0
4432,24.0,49.0
4433,24.0,49.0
4434,24.0,49.0
4435,24.0,49.0
4436,24.0,52.0
4437,24.0,52.0
4438,24.0,50.0
4439,24.0,61.0
4440,24.0,51.0
4441,24.0,51.0
4442,24.0,51.0
4443,24.0,63.0
4444,24.0,55.0
4445,24.0,55.0
4446,24.0,54.0
4447,24.0,48.0
4448,24.0,55.0
4449,24.0,55.0
4450,24.0,55.0
4451,24.0,42.0
4452,24.0,42.0
4453,24.0,42.0
4454,24.0,42.0
4455,24.0,42.0
4456,24.0,42.0
4457,24.0,42.0
4458,24.0,42.0
4459,24.0,42.0
4460,24.0,55.0
4461,24.0,55.0
4462,24.0,55.0
4463,24.0,55.0
4464,24.0,50.0
4465,24.0,50.0
4466,24.0,59.0
4467,24.0,59.0
4468,24.0,59.0
4469,24.0,55.0
4470,24.0,55.0
4471,24.0,55.0
4472,24.0,55.0
4473,24.0,54.0
4474,24.0,54.0
4475,24.0,53.0
4476,24.0,53.0
4477,24.0,53.0
4478,24.0,53.0
4479,24.0,47.0
4480,24.0,43.0
4481,24.0,43.0
4482,24.0,43.0
4483,24.0,43.0
4484,24.0,43.0
4485,24.0,43.0
4486,24.0,43.0
4487,24.0,43.0
4488,24.0,43.0
4489,24.0,43.0
4490,24.0,43.0
4491,24.0,43.0
4492,24.0,43.0
4493,24.0,60.0
4494,24.0,59.0
4495,24.0,58.0
4496,24.0,52.0
4497,24.0,47.0
4498,24.0,47.0
4499,24.0,47.0
4500,24.0,47.0
4501,24.0,65.0
4502,24.0,64.0
4503,24.0,59.0
4504,24.0,59.0
4505,24.0,59.0
4506,24.0,55.0
4507,24.0,55.0
4508,24.0,55.0
4509,24.0,60.0
4510,24.0,59.0
4511,24.0,54.0
4512,24.0,54.0
4513,24.0,54.0
4514,24.0,51.0
4515,24.0,51.0
4516,24.0,51.0
4517,24.0,51.0
4518,24.0,51.0
4519,24.0,51.0
4520,24.0,51.0
4521,24.0,51.0
4522,24.0,54.0
4523,24.0,43.0
4524,24.0,43.0
4525,24.0,43.0
4526,24.0,58.0
4527,24.0,53.0
4528,24.0,52.0
4529,24.0,52.0
4530,24.0,52.0
4531,24.0,58.0
4532,24.0,54.0
4533,24.0,52.0
4534,24.0,52.0
4535,24.0,52.0
4536,24.0,52.0
4537,24.0,52.0
4538,24.0,52.0
4539,24.0,52.0
4540,24.0,52.0
4541,24.0,52.0
4542,24.0,54.0
4543,24.0,54.0
4544,24.0,54.0
4545,24.0,54.0
4546,24.0,54.0
4547,24.0,54.0
4548,24.0,54.0
4549,24.0,54.0
4550,24.0,55.0
4551,24.0,55.0
4552,24.0,55.0
4553,24.0,52.0
4554,24.0,52.0
4555,24.0,52.0
4556,24.0,52.0
4557,24.0,52.0
4558,24.0,52.0
4559,24.0,52.0
4560,24.0,52.0
4561,24.0,52.0
4562,24.0,52.0
4563,24.0,52.0
4564,24.0,52.0
4565,24.0,52.0
4566,24.0,52.0
4567,24.0,52.0
4568,24.0,52.0
4569,24.0,52.0
4570,24.0,52.0
4571,24.0,52.0
4572,24.0,52.0
4573,24.0,52.0
4574,24.0,52.0
4575,24.0,52.0
4576,24.0,52.0
4577,24.0,61.0
4578,24.0,56.0
4579,24.0,56.0
4580,24.0,56.0
4581,24.0,56.0
4582,24.0,52.0
4583,24.0,43.0
4584,24.0,43.0
4585,24.0,43.0
4586,24.0,43.0
4587,24.0,43.0
4588,24.0,41.0
4589,24.0,41.0
4590,24.0,41.0
4591,24.0,41.0
4592,24.0,66.0
4593,24.0,55.0
4594,24.0,55.0
4595,24.0,49.0
4596,24.0,49.0
4597,24.0,49.0
4598,24.0,49.0
4599,24.0,49.0
4600,24.0,62.0
4601,24.0,56.0
4602,24.0,56.0
4603,24.0,56.0
4604,24.0,56.0
4605,24.0,55.0
4606,24.0,55.0
4607,24.0,55.0
4608,24.0,55.0
4609,24.0,55.0
4610,24.0,55.0
4611,24.0,55.0
4612,24.0,55.0
4613,24.0,55.0
4614,24.0,55.0
4615,24.0,55.0
4616,24.0,54.0
4617,24.0,54.0
4618,24.0,42.0
4619,24.0,42.0
4620,24.0,42.0
4621,24.0,42.0
4622,24.0,42.0
4623,24.0,42.0
4624,24.0,42.0
4625,24.0,42.0
4626,24.0,42.0
4627,24.0,42.0
4628,24.0,42.0
4629,24.0,42.0
4630,24.0,42.0
4631,24.0,42.0
4632,24.0,42.0
4633,24.0,42.0
4634,24.0,42.0
4635,24.0,42.0
4636,24.0,42.0
4637,24.0,42.0
4638,24.0,42.0
4639,24.0,42.0
4640,24.0,42.0
4641,24.0,42.0
4642,24.0,41.0
4643,24.0,41.0
4644,24.0,41.0
4645,24.0,41.0
4646,24.0,41.0
4647,24.0,41.0
4648,24.0,41.0
4649,24.0,41.0
4650,24.0,40.0
4651,24.0,40.0
4652,24.0,40.0
4653,24.0,40.0
4654,24.0,40.0
4655,24.0,40.0
4656,24.0,40.0
4657,24.0,40.0
4658,24.0,40.0
4659,24.0,40.0
4660,24.0,40.0
4661,24.0,40.0
4662,24.0,40.0
4663,24.0,40.0
4664,24.0,58.0
4665,24.0,58.0
4666,24.0,58.0
4667,24.0,58.0
4668,24.0,58.0
4669,24.0,56.0
4670,24.0,56.0
4671,24.0,56.0
4672,24.0,56.0
4673,24.0,54.0
4674,24.0,54.0
4675,24.0,54.0
4676,24.0,79.0
4677,24.0,55.0
4678,24.0,55.0
4679,24.0,55.0
4680,24.0,55.0
4681,24.0,40.0
4682,24.0,40.0
4683,24.0,40.0
4684,24.0,40.0
4685,24.0,59.0
4686,24.0,59.0
4687,24.0,59.0
4688,24.0,59.0
4689,24.0,59.0
4690,24.0,60.0
4691,24.0,55.0
4692,24.0,55.0
4693,24.0,53.0
4694,24.0,51.0
4695,24.0,51.0
4696,24.0,51.0
4697,24.0,51.0
4698,24.0,51.0
4699,24.0,51.0
4700,24.0,57.0
4701,24.0,57.0
4702,24.0,57.0
4703,24.0,57.0
4704,24.0,57.0
4705,24.0,57.0
4706,24.0,57.0
4707,24.0,57.0
4708,24.0,57.0
4709,24.0,54.0
4710,24.0,54.0
4711,24.0,53.0
4712,24.0,53.0
4713,24.0,53.0
4714,24.0,53.0
4715,24.0,53.0
4716,24.0,53.0
4717,24.0,53.0
4718,24.0,53.0
4719,24.0,53.0
4720,24.0,53.0
4721,24.0,53.0
4722,24.0,53.0
4723,24.0,53.0
4724,24.0,53.0
4725,24.0,53.0
4726,24.0,53.0
4727,24.0,55.0
4728,24.0,55.0
4729,24.0,42.0
4730,24.0,42.0
4731,24.0,42.0
4732,24.0,42.0
4733,24.0,42.0
4734,24.0,57.0
4735,24.0,57.0
4736,24.0,57.0
4737,24.0,57.0
4738,24.0,57.0
4739,24.0,56.0
4740,24.0,56.0
4741,24.0,56.0
4742,24.0,56.0
4743,24.0,56.0
4744,24.0,56.0
4745,24.0,56.0
4746,24.0,56.0
4747,24.0,56.0
4748,24.0,56.0
4749,24.0,56.0
4750,24.0,56.0
4751,24.0,54.0
4752,24.0,54.0
4753,24.0,54.0
4754,24.0,54.0
4755,24.0,54.0
4756,24.0,54.0
4757,24.0,54.0
4758,24.0,54.0
4759,24.0,54.0
4760,24.0,54.0
4761,24.0,49.0
4762,24.0,49.0
4763,24.0,49.0
4764,24.0,49.0
4765,24.0,49.0
4766,24.0,49.0
4767,24.0,49.0
4768,24.0,49.0
4769,24.0,44.0
4770,24.0,44.0
4771,24.0,44.0
4772,24.0,44.0
4773,24.0,44.0
4774,24.0,44.0
4775,24.0,44.0
4776,24.0,44.0
4777,24.0,44.0
4778,24.0,44.0
4779,24.0,54.0
4780,24.0,60.0
4781,24.0,60.0
4782,24.0,49.0
4783,24.0,49.0
4784,24.0,49.0
4785,24.0,51.0
4786,24.0,46.0
4787,24.0,46.0
4788,24.0,46.0
4789,24.0,46.0
4790,24.0,46.0
4791,24.0,45.0
4792,24.0,53.0
4793,24.0,50.0
4794,24.0,50.0
4795,24.0,50.0
4796,24.0,45.0
4797,24.0,45.0
4798,24.0,45.0
4799,24.0,45.0
4800,24.0,45.0
4801,24.0,45.0
4802,24.0,45.0
4803,24.0,45.0
4804,24.0,45.0
4805,24.0,45.0
4806,24.0,45.0
4807,24.0,45.0
4808,24.0,45.0
4809,24.0,45.0
4810,24.0,45.0
4811,24.0,45.0
4812,24.0,45.0
4813,24.0,45.0
4814,24.0,45.0
4815,24.0,45.0
4816,24.0,45.0
4817,24.0,45.0
4818,24.0,45.0
4819,24.0,45.0
4820,24.0,45.0
4821,24.0,45.0
4822,24.0,55.0
4823,24.0,53.0
4824,24.0,48.0
4825,24.0,48.0
4826,24.0,48.0
4827,24.0,48.0
4828,24.0,48.0
4829,24.0,48.0
4830,24.0,48.0
4831,24.0,48.0
4832,24.0,48.0
4833,24.0,48.0
4834,24.0,48.0
4835,24.0,48.0
4836,24.0,48.0
4837,24.0,48.0
4838,24.0,48.0
4839,24.0,45.0
4840,24.0,45.0
4841,24.0,45.0
4842,24.0,45.0
4843,24.0,45.0
4844,24.0,45.0
4845,24.0,45.0
4846,24.0,45.0
4847,24.0,44.0
4848,24.0,44.0
4849,24.0,44.0
4850,24.0,40.0
4851,24.0,55.0
4852,24.0,47.0
4853,24.0,47.0
4854,24.0,47.0
4855,24.0,46.0
4856,24.0,46.0
4857,24.0,46.0
4858,24.0,46.0
4859,24.0,46.0
4860,24.0,47.0
4861,24.0,47.0
4862,24.0,47.0
4863,24.0,47.0
4864,24.0,47.0
4865,24.0,47.0
4866,24.0,45.0
4867,24.0,57.0
4868,24.0,49.0
4869,24.0,49.0
4870,24.0,49.0
4871,24.0,49.0
4872,24.0,49.0
4873,24.0,41.0
4874,24.0,41.0
4875,24.0,41.0
4876,24.0,41.0
4877,24.0,41.0
4878,24.0,41.0
4879,24.0,41.0
4880,24.0,41.0
4881,24.0,41.0
4882,24.0,40.0
4883,24.0,40.0
4884,24.0,40.0
4885,24.0,40.0
4886,24.0,40.0
4887,24.0,47.0
4888,24.0,47.0
4889,24.0,42.0
4890,24.0,42.0
4891,24.0,42.0
4892,24.0,42.0
4893,24.0,42.0
4894,24.0,42.0
4895,24.0,42.0
4896,24.0,42.0
4897,24.0,42.0
4898,24.0,42.0
4899,24.0,42.0
4900,24.0,42.0
4901,24.0,42.0
4902,24.0,42.0
4903,24.0,42.0
4904,24.0,42.0
4905,24.0,42.0
4906,24.0,59.0
4907,24.0,59.0
4908,24.0,53.0
4909,24.0,51.0
4910,24.0,51.0
4911,24.0,51.0
4912,24.0,45.0
4913,24.0,45.0
4914,24.0,45.0
4915,24.0,48.0
4916,24.0,48.0
4917,24.0,48.0
4918,24.0,48.0
4919,24.0,46.0
4920,24.0,46.0
4921,24.0,46.0
4922,24.0,46.0
4923,24.0,46.0
4924,24.0,46.0
4925,24.0,46.0
4926,24.0,46.0
4927,24.0,46.0
4928,24.0,46.0
4929,24.0,46.0
4930,24.0,46.0
4931,24.0,46.0
4932,24.0,46.0
4933,24.0,46.0
4934,24.0,46.0
4935,24.0,56.0
4936,24.0,50.0
4937,24.0,50.0
4938,24.0,50.0
4939,24.0,50.0
4940,24.0,51.0
4941,24.0,51.0
4942,24.0,51.0
4943,24.0,51.0
4944,24.0,51.0
4945,24.0,51.0
4946,24.0,46.0
4947,24.0,46.0
4948,24.0,46.0
4949,24.0,46.0
4950,24.0,55.0
4951,24.0,55.0
4952,24.0,51.0
4953,24.0,51.0
4954,24.0,54.0
4955,24.0,54.0
4956,24.0,54.0
4957,24.0,54.0
4958,24.0,54.0
4959,24.0,54.0
4960,24.0,51.0
4961,24.0,51.0
4962,24.0,51.0
4963,24.0,51.0
4964,24.0,51.0
4965,24.0,46.0
4966,24.0,46.0
4967,24.0,45.0
4968,24.0,45.0
4969,24.0,45.0
4970,24.0,45.0
4971,24.0,45.0
4972,24.0,45.0
4973,24.0,45.0
4974,24.0,45.0
4975,24.0,45.0
4976,24.0,45.0
4977,24.0,45.0
4978,24.0,45.0
4979,24.0,35.0
4980,24.0,35.0
4981,24.0,35.0
4982,24.0,35.0
4983,24.0,40.0
4984,24.0,40.0
4985,24.0,40.0
4986,24.0,40.0
4987,24.0,40.0
4988,24.0,39.0
4989,24.0,39.0
4990,24.0,39.0
4991,24.0,39.0
4992,24.0,39.0
4993,24.0,39.0
4994,24.0,39.0
4995,24.0,39.0
4996,24.0,51.0
4997,24.0,51.0
4998,24.0,45.0
4999,24.0,45.0
